id,table_id,created_at,updated_at,tblidx,wszName,byEffect_Type,byActive_Effect_Type,Effect_Info_Text,Keep_Effect_Name,byTarget_Effect_Position,szSuccess_Effect_Name,bySuccess_Projectile_Type,bySuccess_Effect_Position,szSuccess_End_Effect_Name,byEnd_Effect_Position,wKeep_Animation_Index
00655261-5392-4af3-a3c1-b88242acd5d3,ea421d11-b5f6-4c36-b36f-9f8f19210718,2026-01-13 05:38:23.023815,2026-01-13 05:38:23.023815,546,ACTIVE_AP_REGENERATION,1,5,546,4294967295,255,,255,255,,255,65535
00b050e7-3e07-43e4-8221-5bb78361a6a5,ea421d11-b5f6-4c36-b36f-9f8f19210718,2026-01-13 05:38:23.62241,2026-01-13 05:38:23.62241,694,ACTIVE_BODY_IMMUNITY,1,5,694,4294967295,255,,255,255,,255,65535
01176954-b881-4ffd-bc90-bbebc445e96d,ea421d11-b5f6-4c36-b36f-9f8f19210718,2026-01-13 05:38:23.023815,2026-01-13 05:38:23.023815,642,ACTIVE_CANDY_TOLERANCE_UP,1,5,642,4294967295,255,,255,255,,255,65535
01733f0d-b593-4587-bbca-86b19e48cca6,ea421d11-b5f6-4c36-b36f-9f8f19210718,2026-01-13 05:38:23.023815,2026-01-13 05:38:23.023815,632,ACTIVE_PHYSICAL_CRITICAL,1,5,632,4294967295,255,,255,255,,255,65535
01a4be50-2704-4573-9b0b-c841f203bf0b,ea421d11-b5f6-4c36-b36f-9f8f19210718,2026-01-13 05:38:23.62241,2026-01-13 05:38:23.62241,822,ACTIVE_ATTACK_SPEED_DOWN,1,7,822,4294967295,255,,255,255,,255,65535
023d3d04-3873-4e6a-aa47-5cd005f17777,ea421d11-b5f6-4c36-b36f-9f8f19210718,2026-01-13 05:38:22.749495,2026-01-13 05:38:22.749495,528,ACTIVE_SCRIPT_SIGNAL_AIS,1,4,528,4294967295,255,,255,255,,255,65535
02e7ac79-98c0-4439-8530-249c7c994703,ea421d11-b5f6-4c36-b36f-9f8f19210718,2026-01-13 05:38:23.62241,2026-01-13 05:38:23.62241,693,ACTIVE_MIND_IMMUNITY,1,5,693,4294967295,255,,255,255,,255,65535
0525c271-ab7b-487e-8b3d-169a7a338bd0,ea421d11-b5f6-4c36-b36f-9f8f19210718,2026-01-13 05:38:23.825388,2026-01-13 05:38:23.825388,1600,ACTIVE_ROLLING_ATTACK,1,5,1600,4294967295,255,,255,255,,255,65535
05f790c0-e41d-48a2-8001-6647daf97387,ea421d11-b5f6-4c36-b36f-9f8f19210718,2026-01-13 05:38:23.023815,2026-01-13 05:38:23.023815,644,ACTIVE_TERROR_KEEPTIME_DOWN,1,5,644,4294967295,255,,255,255,,255,65535
064ce602-e283-40d6-a399-b884bf685c50,ea421d11-b5f6-4c36-b36f-9f8f19210718,2026-01-13 05:38:23.62241,2026-01-13 05:38:23.62241,810,ACTIVE_MAX_RP_DOWN,1,7,810,4294967295,255,,255,255,,255,65535
07d456cf-8038-493b-928b-c0374480a728,ea421d11-b5f6-4c36-b36f-9f8f19210718,2026-01-13 05:38:22.749495,2026-01-13 05:38:22.749495,32,PASSIVE_GUARD_COUNTERATTACK,0,0,32,4294967295,255,,255,255,,255,65535
07ed1aca-45f8-4888-9a0e-9873fe7d2cd0,ea421d11-b5f6-4c36-b36f-9f8f19210718,2026-01-13 05:38:23.62241,2026-01-13 05:38:23.62241,697,ACTIVE_SKILL_AGGRO_DOWN,1,5,697,4294967295,255,,255,255,,255,65535
0889c126-4297-4f11-a484-d5ecbde0dd6f,ea421d11-b5f6-4c36-b36f-9f8f19210718,2026-01-13 05:38:23.023815,2026-01-13 05:38:23.023815,634,ACTIVE_SKILL_CASTING_TIME_DOWN,1,5,634,4294967295,255,,255,255,,255,65535
091f9e68-15a6-4942-bd04-ac5de6b51915,ea421d11-b5f6-4c36-b36f-9f8f19210718,2026-01-13 05:38:23.62241,2026-01-13 05:38:23.62241,800,ACTIVE_TAUNT,1,7,800,4294967295,255,,255,255,,255,65535
0924039d-479c-4ac8-8f06-b79da6bb48df,ea421d11-b5f6-4c36-b36f-9f8f19210718,2026-01-13 05:38:23.023815,2026-01-13 05:38:23.023815,659,ACTIVE_ENERGY_CRITICAL_DAMAGE_UP,1,5,659,4294967295,255,,255,255,,255,65535
0a89d5b0-f326-4376-8347-4deecd994382,ea421d11-b5f6-4c36-b36f-9f8f19210718,2026-01-13 05:38:22.749495,2026-01-13 05:38:22.749495,200,ACTIVE_BLEED,1,1,200,4294967295,255,,255,255,,255,65535
0ac625c7-ddb7-4413-9e31-9deb3d6d74aa,ea421d11-b5f6-4c36-b36f-9f8f19210718,2026-01-13 05:38:23.62241,2026-01-13 05:38:23.62241,843,ACTIVE_SKILL_LP_DAMAGE,1,7,843,4294967295,255,,255,255,,255,65535
0b456244-de9c-419b-9034-16fa22a30308,ea421d11-b5f6-4c36-b36f-9f8f19210718,2026-01-13 05:38:22.749495,2026-01-13 05:38:22.749495,30,PASSIVE_CHARGE,0,255,30,4294967295,255,,255,255,,255,65535
0b759057-dfb4-40fc-bc89-43314f17a487,ea421d11-b5f6-4c36-b36f-9f8f19210718,2026-01-13 05:38:23.62241,2026-01-13 05:38:23.62241,833,ACTIVE_ATTACK_RANGE_DOWN,1,7,833,4294967295,255,,255,255,,255,65535
0c824d4e-391d-4460-b695-96b5c907296f,ea421d11-b5f6-4c36-b36f-9f8f19210718,2026-01-13 05:38:23.023815,2026-01-13 05:38:23.023815,543,ACTIVE_AIR_ACCEL,1,5,543,4294967295,255,,255,255,,255,65535
0de6df46-fefc-4806-a631-2bdd31c3f90a,ea421d11-b5f6-4c36-b36f-9f8f19210718,2026-01-13 05:38:23.62241,2026-01-13 05:38:23.62241,831,ACTIVE_SKILL_CASTING_TIME_UP,1,7,831,4294967295,255,,255,255,,255,65535
0f30f406-0593-4b66-bb27-6953ee8d8ff0,ea421d11-b5f6-4c36-b36f-9f8f19210718,2026-01-13 05:38:23.023815,2026-01-13 05:38:23.023815,652,ACTIVE_NORMAL_SKILL_BLOCK_UP,1,5,652,4294967295,255,,255,255,,255,65535
100470bf-7d3d-4c5c-a169-c119c3e4f3bd,ea421d11-b5f6-4c36-b36f-9f8f19210718,2026-01-13 05:38:23.825388,2026-01-13 05:38:23.825388,2000,ACTIVE_SCOUTER_CHECK_DRAGONBALL,1,255,2000,4294967295,255,,255,255,,255,65535
11563879-25f2-400a-b430-85910665187a,ea421d11-b5f6-4c36-b36f-9f8f19210718,2026-01-13 05:38:22.749495,2026-01-13 05:38:22.749495,38,PASSIVE_CHANGE_APPLY_RANGE,0,255,38,4294967295,255,,255,255,,255,65535
128f8b94-d4a1-42b5-96a5-093e895bc5b2,ea421d11-b5f6-4c36-b36f-9f8f19210718,2026-01-13 05:38:23.62241,2026-01-13 05:38:23.62241,926,ACTIVE_CHILD_ADULT_TRANSFORM,1,4,926,4294967295,255,,255,255,,255,65535
13260cff-6986-4090-bb95-1edbcec59c4a,ea421d11-b5f6-4c36-b36f-9f8f19210718,2026-01-13 05:38:23.62241,2026-01-13 05:38:23.62241,928,ACTIVE_MASCOT_VP_AUTO_RECOVERY,1,5,928,4294967295,255,,255,255,,255,65535
13658c02-3e67-414d-93e2-2b8f216dbced,ea421d11-b5f6-4c36-b36f-9f8f19210718,2026-01-13 05:38:23.62241,2026-01-13 05:38:23.62241,844,ACTIVE_SKILL_EP_DAMAGE,1,7,844,4294967295,255,,255,255,,255,65535
13a7f148-c73b-427f-882b-690d04c1fc3f,ea421d11-b5f6-4c36-b36f-9f8f19210718,2026-01-13 05:38:23.023815,2026-01-13 05:38:23.023815,605,ACTIVE_MAX_RP_UP,1,5,605,4294967295,255,,255,255,,255,65535
14a78567-ab19-423f-b49b-a45e5cd79112,ea421d11-b5f6-4c36-b36f-9f8f19210718,2026-01-13 05:38:23.62241,2026-01-13 05:38:23.62241,929,ACTIVE_MASCOT_EXP_AUTO_PORTION,1,5,929,4294967295,255,,255,255,,255,65535
15f60b1e-2a03-42d2-9655-aa7370025e1d,ea421d11-b5f6-4c36-b36f-9f8f19210718,2026-01-13 05:38:23.62241,2026-01-13 05:38:23.62241,701,ACTIVE_RP_DOWN,1,6,701,4294967295,255,,255,255,,255,65535
1636331b-3ab2-4faf-b38e-496974f88a72,ea421d11-b5f6-4c36-b36f-9f8f19210718,2026-01-13 05:38:23.023815,2026-01-13 05:38:23.023815,684,ACTIVE_BATTLE_LP_UP,1,5,684,4294967295,255,,255,255,,255,65535
1690ee11-3f41-4273-a5df-c37d04147285,ea421d11-b5f6-4c36-b36f-9f8f19210718,2026-01-13 05:38:22.749495,2026-01-13 05:38:22.749495,102,ACTIVE_WARP_BACK_ATTACK,1,0,102,4294967295,255,,255,255,,255,65535
17998a15-d883-4711-8a52-8641a2e67957,ea421d11-b5f6-4c36-b36f-9f8f19210718,2026-01-13 05:38:23.023815,2026-01-13 05:38:23.023815,603,ACTIVE_MAX_LP_UP,1,5,603,4294967295,255,,255,255,,255,65535
17bdeac0-3d6e-476c-b89e-83d1d75fac8b,ea421d11-b5f6-4c36-b36f-9f8f19210718,2026-01-13 05:38:23.023815,2026-01-13 05:38:23.023815,656,ACTIVE_SIT_DOWN_LP_REGENERATION_UP,1,5,656,4294967295,255,,255,255,,255,65535
183b30e5-9935-461d-a801-ba39f01199ce,ea421d11-b5f6-4c36-b36f-9f8f19210718,2026-01-13 05:38:23.62241,2026-01-13 05:38:23.62241,700,ACTIVE_EP_DOWN,1,6,700,4294967295,255,,255,255,,255,65535
19229aaf-886f-49be-a8d1-05ab905c9d5c,ea421d11-b5f6-4c36-b36f-9f8f19210718,2026-01-13 05:38:22.749495,2026-01-13 05:38:22.749495,101,ACTIVE_BACKSTAB,1,0,101,4294967295,255,,255,255,,255,65535
1afb9116-9a47-49cc-b4af-eac50ce8d391,ea421d11-b5f6-4c36-b36f-9f8f19210718,2026-01-13 05:38:23.023815,2026-01-13 05:38:23.023815,618,ACTIVE_ATTACK_RATE_UP,1,5,618,4294967295,255,,255,255,,255,65535
1bbde3b2-1ffc-40f0-bf7a-650049945a79,ea421d11-b5f6-4c36-b36f-9f8f19210718,2026-01-13 05:38:23.62241,2026-01-13 05:38:23.62241,927,ACTIVE_MASCOT_VP_RECOVERY,1,2,927,4294967295,255,,255,255,,255,65535
1bc20f76-f6c6-40ab-a0f6-d423c86a255c,ea421d11-b5f6-4c36-b36f-9f8f19210718,2026-01-13 05:38:23.023815,2026-01-13 05:38:23.023815,680,ACTIVE_POISON_DEFENCE,1,5,680,4294967295,255,,255,255,,255,65535
1c148ac6-0e74-4531-84f1-fb80e3e6b532,ea421d11-b5f6-4c36-b36f-9f8f19210718,2026-01-13 05:38:23.023815,2026-01-13 05:38:23.023815,602,ACTIVE_TRANSFORM,1,5,602,4294967295,255,,255,255,,255,65535
1d499452-dab0-46e9-9d83-409590a49d00,ea421d11-b5f6-4c36-b36f-9f8f19210718,2026-01-13 05:38:23.825388,2026-01-13 05:38:23.825388,952,ACTIVE_PARTY_SUMMON,1,0,952,4294967295,255,,255,255,,255,65535
1e19bc6d-f82c-4d51-b0c6-edcd4077722a,ea421d11-b5f6-4c36-b36f-9f8f19210718,2026-01-13 05:38:23.62241,2026-01-13 05:38:23.62241,824,ACTIVE_DODGE_RATE_DOWN,1,7,824,4294967295,255,,255,255,,255,65535
1e416fb1-51ea-4b6e-9749-7fdaf84c1d85,ea421d11-b5f6-4c36-b36f-9f8f19210718,2026-01-13 05:38:23.62241,2026-01-13 05:38:23.62241,708,ACTIVE_AGGRO_UP,1,6,708,4294967295,255,,255,255,,255,65535
1f34e93e-0bbc-4aea-b4ca-d34bf53c9703,ea421d11-b5f6-4c36-b36f-9f8f19210718,2026-01-13 05:38:23.825388,2026-01-13 05:38:23.825388,1603,ACTIVE_WEIGHT_LIMIT_UP,1,5,1603,4294967295,255,,255,255,,255,65535
1fbe3b4f-36ab-43ff-b95d-48b6a36a823d,ea421d11-b5f6-4c36-b36f-9f8f19210718,2026-01-13 05:38:23.023815,2026-01-13 05:38:23.023815,674,ACTIVE_WILD_OFFENCE_UP,1,5,674,4294967295,255,,255,255,,255,65535
20f5579f-8312-473c-804a-411ac1295586,ea421d11-b5f6-4c36-b36f-9f8f19210718,2026-01-13 05:38:22.749495,2026-01-13 05:38:22.749495,519,ACTIVE_CLEAR_TARGET,1,4,519,4294967295,255,,255,255,,255,65535
223b84e1-3263-4d94-8950-23206a44def1,ea421d11-b5f6-4c36-b36f-9f8f19210718,2026-01-13 05:38:23.023815,2026-01-13 05:38:23.023815,622,ACTIVE_STRANGE_DEFENCE_UP,1,5,622,4294967295,255,,255,255,,255,65535
22b4f09d-3285-43b8-b8f2-6f75af6b557f,ea421d11-b5f6-4c36-b36f-9f8f19210718,2026-01-13 05:38:23.023815,2026-01-13 05:38:23.023815,613,ACTIVE_DEX_UP,1,5,613,4294967295,255,,255,255,,255,65535
24ddb5a7-f50f-4964-a695-7e3102e5954b,ea421d11-b5f6-4c36-b36f-9f8f19210718,2026-01-13 05:38:23.023815,2026-01-13 05:38:23.023815,623,ACTIVE_WILD_DEFENCE_UP,1,5,623,4294967295,255,,255,255,,255,65535
2617db1e-877a-45c2-b351-3cc6e8e90f57,ea421d11-b5f6-4c36-b36f-9f8f19210718,2026-01-13 05:38:23.825388,2026-01-13 05:38:23.825388,953,ACTIVE_GUILD_SUMMON,1,0,953,4294967295,255,,255,255,,255,65535
27d667dc-790a-4ec1-92ce-0b36ece0ab4c,ea421d11-b5f6-4c36-b36f-9f8f19210718,2026-01-13 05:38:23.825388,2026-01-13 05:38:23.825388,957,ACTIVE_REMOTE_WAREHOUSE,1,0,957,4294967295,255,,255,255,,255,65535
285a8876-6d82-477c-bd2f-b6a3182b2d26,ea421d11-b5f6-4c36-b36f-9f8f19210718,2026-01-13 05:38:22.749495,2026-01-13 05:38:22.749495,508,ACTIVE_PURE_MAJIN,1,4,508,4294967295,255,,255,255,,255,65535
286ac532-050c-455e-8357-ca4e4a23825d,ea421d11-b5f6-4c36-b36f-9f8f19210718,2026-01-13 05:38:23.62241,2026-01-13 05:38:23.62241,841,ACTIVE_TAIYOU_KEN,1,7,841,4294967295,255,,255,255,,255,65535
2889057d-e9dd-4336-973b-4bca9a3eea29,ea421d11-b5f6-4c36-b36f-9f8f19210718,2026-01-13 05:38:23.62241,2026-01-13 05:38:23.62241,704,ACTIVE_EP_STEAL,1,6,704,4294967295,255,GME_STL_EP_BALL,4,70,GME_STL_EP_END,70,65535
292672de-65c5-45af-aed0-7d80486cff4c,ea421d11-b5f6-4c36-b36f-9f8f19210718,2026-01-13 05:38:23.825388,2026-01-13 05:38:23.825388,1604,ACTIVE_EXCITATION_MALE,1,5,1604,4294967295,255,,255,255,,255,65535
29b540e0-dc63-4e28-b690-db8c11af6dbb,ea421d11-b5f6-4c36-b36f-9f8f19210718,2026-01-13 05:38:23.023815,2026-01-13 05:38:23.023815,665,ACTIVE_FAKE_DEATH,1,5,665,4294967295,255,,255,255,,255,65535
2a06780a-4a5d-4e4f-99c0-79da2690a0dd,ea421d11-b5f6-4c36-b36f-9f8f19210718,2026-01-13 05:38:22.749495,2026-01-13 05:38:22.749495,28,PASSIVE_SKILL_CASTING_TIME_DOWN,0,255,28,4294967295,255,,255,255,,255,65535
2b576468-65f0-4392-b22b-7c2ffe779769,ea421d11-b5f6-4c36-b36f-9f8f19210718,2026-01-13 05:38:23.023815,2026-01-13 05:38:23.023815,675,ACTIVE_ELEGANCE_OFFENCE_UP,1,5,675,4294967295,255,,255,255,,255,65535
2bcdb1f9-aafd-472a-8701-b5af2ee4cc60,ea421d11-b5f6-4c36-b36f-9f8f19210718,2026-01-13 05:38:22.749495,2026-01-13 05:38:22.749495,37,PASSIVE_REQUIRE_EP_DOWN,0,255,37,4294967295,255,,255,255,,255,65535
2c033a14-52f0-4fcd-a6e2-c125553fc892,ea421d11-b5f6-4c36-b36f-9f8f19210718,2026-01-13 05:38:23.023815,2026-01-13 05:38:23.023815,609,ACTIVE_ENERGY_DEFENCE_UP,1,5,609,4294967295,255,,255,255,,255,65535
2c8ee955-3572-4967-81ea-fcb36242a804,ea421d11-b5f6-4c36-b36f-9f8f19210718,2026-01-13 05:38:23.023815,2026-01-13 05:38:23.023815,630,ACTIVE_CURSE_SUCCESS,1,5,630,4294967295,255,,255,255,,255,65535
2c95f18d-c805-45f2-a75c-358cb976798a,ea421d11-b5f6-4c36-b36f-9f8f19210718,2026-01-13 05:38:22.749495,2026-01-13 05:38:22.749495,40,PASSIVE_USE_RANGE_UP,0,255,40,4294967295,255,,255,255,,255,65535
2cf484cf-e29f-484c-a2f4-f5c2278bf8b9,ea421d11-b5f6-4c36-b36f-9f8f19210718,2026-01-13 05:38:23.023815,2026-01-13 05:38:23.023815,616,ACTIVE_MOVE_SPEED_UP,1,5,616,4294967295,255,,255,255,,255,65535
2d53b971-7b83-4324-8c0b-73949834d49f,ea421d11-b5f6-4c36-b36f-9f8f19210718,2026-01-13 05:38:23.62241,2026-01-13 05:38:23.62241,914,ACTIVE_SKILL_RESET_ONE,1,4,914,4294967295,255,,255,255,,255,65535
2df0ee53-3261-498e-9125-1ce3f3e5d688,ea421d11-b5f6-4c36-b36f-9f8f19210718,2026-01-13 05:38:23.023815,2026-01-13 05:38:23.023815,668,ACTIVE_PHYSICAL_REFLECTION,1,5,668,4294967295,255,,255,255,,255,65535
2ef891f0-c6cf-4393-b6a1-aed4e91873b2,ea421d11-b5f6-4c36-b36f-9f8f19210718,2026-01-13 05:38:22.749495,2026-01-13 05:38:22.749495,513,ACTIVE_QUEST_TRIGGER,1,4,513,4294967295,255,,255,255,,255,65535
2f15d42e-bf00-4145-8269-5dff9cd1318e,ea421d11-b5f6-4c36-b36f-9f8f19210718,2026-01-13 05:38:23.62241,2026-01-13 05:38:23.62241,808,ACTIVE_MAX_LP_DOWN,1,7,808,4294967295,255,,255,255,,255,65535
2f54d474-560f-4d54-b6ed-6aebdd5cda38,ea421d11-b5f6-4c36-b36f-9f8f19210718,2026-01-13 05:38:23.62241,2026-01-13 05:38:23.62241,901,ACTIVE_SPECIAL_UPGRADE,1,4,901,4294967295,255,,255,255,,255,65535
2f5df473-ae47-4982-a4d6-20d588db1c0d,ea421d11-b5f6-4c36-b36f-9f8f19210718,2026-01-13 05:38:22.749495,2026-01-13 05:38:22.749495,105,ACTIVE_EXPLOSION_BLEED,1,0,105,4294967295,255,,255,255,,255,65535
2faf5598-f164-473c-8c7a-3a8174c36131,ea421d11-b5f6-4c36-b36f-9f8f19210718,2026-01-13 05:38:22.749495,2026-01-13 05:38:22.749495,21,PASSIVE_CURSE_SUCCESS_UP,0,255,21,4294967295,255,,255,255,,255,65535
300d1303-c115-47a4-850d-1694a2d50e86,ea421d11-b5f6-4c36-b36f-9f8f19210718,2026-01-13 05:38:23.023815,2026-01-13 05:38:23.023815,612,ACTIVE_FOC_UP,1,5,612,4294967295,255,,255,255,,255,65535
312e9aaa-00da-4ba5-bd27-c2c357509953,ea421d11-b5f6-4c36-b36f-9f8f19210718,2026-01-13 05:38:23.023815,2026-01-13 05:38:23.023815,685,ACTIVE_BATTLE_EP_UP,1,5,685,4294967295,255,,255,255,,255,65535
31c30ddd-9355-4495-bfba-ba03f3973076,ea421d11-b5f6-4c36-b36f-9f8f19210718,2026-01-13 05:38:23.023815,2026-01-13 05:38:23.023815,608,ACTIVE_PHYSICAL_DEFENCE_UP,1,5,608,4294967295,255,,255,255,,255,65535
3204364e-3ef6-4711-a49e-6440fee723d3,ea421d11-b5f6-4c36-b36f-9f8f19210718,2026-01-13 05:38:22.749495,2026-01-13 05:38:22.749495,501,ACTIVE_INVITE,1,4,501,4294967295,255,,255,255,,255,65535
323c3c8f-235a-44cc-b2a5-60fc91b68534,ea421d11-b5f6-4c36-b36f-9f8f19210718,2026-01-13 05:38:23.62241,2026-01-13 05:38:23.62241,804,ACTIVE_STUN,1,7,804,4294967295,255,,255,255,,255,65535
32a01d35-07ee-4a81-8a5e-dc80ca707e00,ea421d11-b5f6-4c36-b36f-9f8f19210718,2026-01-13 05:38:23.023815,2026-01-13 05:38:23.023815,649,ACTIVE_POISON_KEEPTIME_DOWN,1,5,649,4294967295,255,,255,255,,255,65535
33616123-47bd-4722-9d45-f6c57541c3ef,ea421d11-b5f6-4c36-b36f-9f8f19210718,2026-01-13 05:38:23.023815,2026-01-13 05:38:23.023815,633,ACTIVE_ENERGY_CRITICAL,1,5,633,4294967295,255,,255,255,,255,65535
33f8d919-6cfc-4cbe-b161-80262ff64123,ea421d11-b5f6-4c36-b36f-9f8f19210718,2026-01-13 05:38:23.62241,2026-01-13 05:38:23.62241,915,ACTIVE_TMQ_LIMIT_COUNT_PLUS,0,255,915,4294967295,255,,255,255,,255,65535
345d55c0-3701-4cc6-ad63-98abed64e242,ea421d11-b5f6-4c36-b36f-9f8f19210718,2026-01-13 05:38:23.825388,2026-01-13 05:38:23.825388,1607,ACTIVE_SKILL_AGGRO_DOWN_IN_PERCENT,1,5,1607,4294967295,255,,255,255,,255,65535
34fd5d21-ce7f-4353-b044-0b8c26c8ea6e,ea421d11-b5f6-4c36-b36f-9f8f19210718,2026-01-13 05:38:23.023815,2026-01-13 05:38:23.023815,672,ACTIVE_HONEST_OFFENCE_UP,1,5,672,4294967295,255,,255,255,,255,65535
35519170-e511-433e-8d1f-496620bec7a1,ea421d11-b5f6-4c36-b36f-9f8f19210718,2026-01-13 05:38:23.023815,2026-01-13 05:38:23.023815,651,ACTIVE_CRITICAL_BLOCK_UP,1,5,651,4294967295,255,,255,255,,255,65535
35e743e9-62ac-47ce-8b52-99201cdeb6f5,ea421d11-b5f6-4c36-b36f-9f8f19210718,2026-01-13 05:38:23.62241,2026-01-13 05:38:23.62241,703,ACTIVE_LP_STEAL,1,6,703,4294967295,255,GME_STL_LP_BALL,4,70,GME_STL_LP_END,70,65535
36230dd0-0755-41f5-ab0d-f6d0bbcd40c6,ea421d11-b5f6-4c36-b36f-9f8f19210718,2026-01-13 05:38:22.749495,2026-01-13 05:38:22.749495,505,ACTIVE_PARALYZE_CURE,1,4,505,4294967295,255,,255,255,,255,65535
36ad7753-4b75-4502-8f6b-2aafdda9f751,ea421d11-b5f6-4c36-b36f-9f8f19210718,2026-01-13 05:38:23.023815,2026-01-13 05:38:23.023815,619,ACTIVE_DODGE_RATE_UP,1,5,619,4294967295,255,,255,255,,255,65535
36d85ef3-6ce1-4a8a-ab9c-05615fba9b9f,ea421d11-b5f6-4c36-b36f-9f8f19210718,2026-01-13 05:38:23.825388,2026-01-13 05:38:23.825388,956,ACTIVE_REMOTE_SELL,1,0,956,4294967295,255,,255,255,,255,65535
37b547c3-67da-489a-acde-8c7e793443a1,ea421d11-b5f6-4c36-b36f-9f8f19210718,2026-01-13 05:38:23.023815,2026-01-13 05:38:23.023815,544,ACTIVE_AIR_MOVE_DASH_ACCEL,1,5,544,4294967295,255,,255,255,,255,65535
385d1af4-04a5-4ab3-9cc6-aa795e1f8bd7,ea421d11-b5f6-4c36-b36f-9f8f19210718,2026-01-13 05:38:23.62241,2026-01-13 05:38:23.62241,823,ACTIVE_ATTACK_RATE_DOWN,1,7,823,4294967295,255,,255,255,,255,65535
387543a7-5115-48f2-8756-e16b2a2bc342,ea421d11-b5f6-4c36-b36f-9f8f19210718,2026-01-13 05:38:23.825388,2026-01-13 05:38:23.825388,954,PASSIVE_SELF_RESCUE,0,0,954,4294967295,255,,255,255,,255,65535
394d9b9d-ebee-4092-92dc-513d7257fcd0,ea421d11-b5f6-4c36-b36f-9f8f19210718,2026-01-13 05:38:23.62241,2026-01-13 05:38:23.62241,802,ACTIVE_CONFUSE,1,7,802,1,255,,255,255,,255,65535
39c2c0e5-6340-4da8-90a7-9e30056aca01,ea421d11-b5f6-4c36-b36f-9f8f19210718,2026-01-13 05:38:23.023815,2026-01-13 05:38:23.023815,617,ACTIVE_ATTACK_SPEED_UP,1,5,617,4294967295,255,,255,255,,255,65535
3aab5bfb-6c3c-4fbe-9314-3bc32fb9aaec,ea421d11-b5f6-4c36-b36f-9f8f19210718,2026-01-13 05:38:23.023815,2026-01-13 05:38:23.023815,643,ACTIVE_PARALYZE_KEEPTIME_DOWN,1,5,643,4294967295,255,,255,255,,255,65535
3cc8d163-e50a-4d88-a2ac-259b2f6a3c5d,ea421d11-b5f6-4c36-b36f-9f8f19210718,2026-01-13 05:38:23.62241,2026-01-13 05:38:23.62241,910,ACTIVE_EXP_BOOSTER,1,5,910,4294967295,255,,255,255,,255,65535
3d3c3cc0-dc22-419d-9957-ee6cc3ec0ea9,ea421d11-b5f6-4c36-b36f-9f8f19210718,2026-01-13 05:38:22.749495,2026-01-13 05:38:22.749495,203,ACTIVE_BURN,1,1,203,4294967295,255,,255,255,,255,65535
3f0b3c02-78a0-4fa8-9276-243ceca0b95c,ea421d11-b5f6-4c36-b36f-9f8f19210718,2026-01-13 05:38:22.749495,2026-01-13 05:38:22.749495,520,ACTIVE_RECIPE_UPDATE,1,4,520,4294967295,255,,255,255,,255,65535
3fc0a177-0a20-4648-a14b-2b10d02ef4b9,ea421d11-b5f6-4c36-b36f-9f8f19210718,2026-01-13 05:38:23.62241,2026-01-13 05:38:23.62241,805,ACTIVE_SLEEP,1,7,805,4294967295,255,,255,255,,255,65535
42625ca6-ae66-45ab-b52e-aaad422bb33d,ea421d11-b5f6-4c36-b36f-9f8f19210718,2026-01-13 05:38:23.023815,2026-01-13 05:38:23.023815,661,ACTIVE_SPINNING_ATTACK,1,5,661,4294967295,255,,255,255,,255,65535
45deb312-3e6a-4f5f-9222-cebb1f165a18,ea421d11-b5f6-4c36-b36f-9f8f19210718,2026-01-13 05:38:23.023815,2026-01-13 05:38:23.023815,664,ACTIVE_HIDE,1,5,664,4294967295,255,,255,255,,255,65535
46f4c137-85e3-43cc-a6d9-d9e6a8711349,ea421d11-b5f6-4c36-b36f-9f8f19210718,2026-01-13 05:38:22.749495,2026-01-13 05:38:22.749495,33,PASSIVE_DOT_VALUE_UP_ALL,0,255,33,4294967295,255,,255,255,,255,65535
47448596-4d1b-43cd-a7a5-2b2ce8f52074,ea421d11-b5f6-4c36-b36f-9f8f19210718,2026-01-13 05:38:23.62241,2026-01-13 05:38:23.62241,813,ACTIVE_PHYSICAL_DEFENCE_DOWN,1,7,813,4294967295,255,,255,255,,255,65535
478b0afb-c2c0-4f6c-b412-236fb918cea0,ea421d11-b5f6-4c36-b36f-9f8f19210718,2026-01-13 05:38:23.023815,2026-01-13 05:38:23.023815,638,ACTIVE_PARALYZE_TOLERANCE_UP,1,5,638,4294967295,255,,255,255,,255,65535
48b4d786-a442-414a-ac95-863d78188cd1,ea421d11-b5f6-4c36-b36f-9f8f19210718,2026-01-13 05:38:23.62241,2026-01-13 05:38:23.62241,835,ACTIVE_BAN_CHARGE,1,7,835,4294967295,255,,255,255,,255,65535
4972ae72-abf9-4e2d-8804-c56036f0b76b,ea421d11-b5f6-4c36-b36f-9f8f19210718,2026-01-13 05:38:23.62241,2026-01-13 05:38:23.62241,702,ACTIVE_BLESS_DEBUFF,1,6,702,4294967295,255,,255,255,,255,65535
49f97432-c3e8-4a17-b2e8-940b3e814e81,ea421d11-b5f6-4c36-b36f-9f8f19210718,2026-01-13 05:38:23.023815,2026-01-13 05:38:23.023815,611,ACTIVE_CON_UP,1,5,611,4294967295,255,,255,255,,255,65535
4a4a34e1-59fe-46c3-9c8c-8cfe62148171,ea421d11-b5f6-4c36-b36f-9f8f19210718,2026-01-13 05:38:22.749495,2026-01-13 05:38:22.749495,526,ACTIVE_SCRIPT_SIGNAL_TQS,1,4,526,4294967295,255,,255,255,,255,65535
4b4c055a-1165-4e29-9d0d-4a2c6ccc2780,ea421d11-b5f6-4c36-b36f-9f8f19210718,2026-01-13 05:38:22.749495,2026-01-13 05:38:22.749495,506,ACTIVE_CURSE_DEBUFF,1,4,506,4294967295,255,,255,255,,255,65535
4e402037-da12-4556-ba71-d0f8b391f38e,ea421d11-b5f6-4c36-b36f-9f8f19210718,2026-01-13 05:38:23.62241,2026-01-13 05:38:23.62241,905,ACTIVE_YUHA_RENAME,1,4,905,4294967295,255,,255,255,,255,65535
4e5169e0-9de4-4f2e-b821-535433dae599,ea421d11-b5f6-4c36-b36f-9f8f19210718,2026-01-13 05:38:23.023815,2026-01-13 05:38:23.023815,641,ACTIVE_STONE_TOLERANCE_UP,1,5,641,4294967295,255,,255,255,,255,65535
503687ed-57fc-497e-904c-3139fe8afba1,ea421d11-b5f6-4c36-b36f-9f8f19210718,2026-01-13 05:38:23.62241,2026-01-13 05:38:23.62241,842,ACTIVE_BATTLE_INABILITY,1,7,842,4294967295,255,,255,255,,255,65535
505679cb-3f83-4c2e-a643-6f4034dd638d,ea421d11-b5f6-4c36-b36f-9f8f19210718,2026-01-13 05:38:23.62241,2026-01-13 05:38:23.62241,699,ACTIVE_HOT_POWER_UP,1,5,699,4294967295,255,,255,255,,255,65535
5108a5d2-ce09-4eec-afb5-68c9b1becad0,ea421d11-b5f6-4c36-b36f-9f8f19210718,2026-01-13 05:38:22.749495,2026-01-13 05:38:22.749495,35,PASSIVE_SKILL_EFFECT_VALUE_UP,0,255,35,4294967295,255,,255,255,,255,65535
51951038-7e97-44d2-802b-8ec964d428e9,ea421d11-b5f6-4c36-b36f-9f8f19210718,2026-01-13 05:38:22.749495,2026-01-13 05:38:22.749495,103,ACTIVE_THROUGH_ATTACK,1,0,103,4294967295,255,,255,255,,255,65535
523845a6-e32c-4574-a160-e0cb68d5cb66,ea421d11-b5f6-4c36-b36f-9f8f19210718,2026-01-13 05:38:22.749495,2026-01-13 05:38:22.749495,36,PASSIVE_SKILL_KEEP_TIME_UP,0,255,36,4294967295,255,,255,255,,255,65535
5391ae00-2d70-4bd3-a488-846906b136ed,ea421d11-b5f6-4c36-b36f-9f8f19210718,2026-01-13 05:38:23.825388,2026-01-13 05:38:23.825388,950,ACTIVE_AUTO_LOOTING,1,0,950,4294967295,255,,255,255,,255,65535
5885d1ff-39f1-4402-af6d-c081ca3a2cd7,ea421d11-b5f6-4c36-b36f-9f8f19210718,2026-01-13 05:38:22.749495,2026-01-13 05:38:22.749495,201,ACTIVE_POISON,1,1,201,4294967295,255,,255,255,,255,65535
58da047f-7395-4139-8199-9041fa7c7c51,ea421d11-b5f6-4c36-b36f-9f8f19210718,2026-01-13 05:38:22.749495,2026-01-13 05:38:22.749495,13,PASSIVE_ENG_UP,0,255,13,4294967295,255,,255,255,,255,65535
591a80a3-82a7-4f51-90a5-d45ff79b236f,ea421d11-b5f6-4c36-b36f-9f8f19210718,2026-01-13 05:38:23.62241,2026-01-13 05:38:23.62241,903,ACTIVE_SKILL_RESET,1,4,903,4294967295,255,,255,255,,255,65535
5a3d9b43-acf4-4da7-a659-3075f8e69cfb,ea421d11-b5f6-4c36-b36f-9f8f19210718,2026-01-13 05:38:23.62241,2026-01-13 05:38:23.62241,846,ACTIVE_ALL_OFFENCE_DOWN,1,7,846,4294967295,255,,255,255,,255,65535
5bb271df-9ff2-4f71-b976-e20111312121,ea421d11-b5f6-4c36-b36f-9f8f19210718,2026-01-13 05:38:23.62241,2026-01-13 05:38:23.62241,907,ACTIVE_SEX_LOOKS_CHANGE,1,4,907,4294967295,255,,255,255,,255,65535
5c8bf785-7e61-4868-972e-fcb701729811,ea421d11-b5f6-4c36-b36f-9f8f19210718,2026-01-13 05:38:23.62241,2026-01-13 05:38:23.62241,902,ACTIVE_PARTY_POPO,1,4,902,4294967295,255,,255,255,,255,65535
5f2cf81e-0bf6-4e1c-9464-6b22b9216131,ea421d11-b5f6-4c36-b36f-9f8f19210718,2026-01-13 05:38:23.62241,2026-01-13 05:38:23.62241,917,ACTIVE_REVIVAL_AFTEREFFECT,1,7,917,4294967295,255,,255,255,,255,65535
5fda0aac-cb2f-4d6e-ab27-feea0b71407a,ea421d11-b5f6-4c36-b36f-9f8f19210718,2026-01-13 05:38:22.749495,2026-01-13 05:38:22.749495,4,PASSIVE_PHYSICAL_OFFENCE_UP,0,255,4,4294967295,255,,255,255,,255,65535
60c6e339-8779-457e-8b5f-40fad09e831f,ea421d11-b5f6-4c36-b36f-9f8f19210718,2026-01-13 05:38:23.62241,2026-01-13 05:38:23.62241,820,ACTIVE_ENG_DOWN,1,7,820,4294967295,255,,255,255,,255,65535
6132fb95-f082-4ee2-ac30-b91a85bb06cf,ea421d11-b5f6-4c36-b36f-9f8f19210718,2026-01-13 05:38:22.749495,2026-01-13 05:38:22.749495,2,PASSIVE_MAX_EP_UP,0,255,2,4294967295,255,,255,255,,255,65535
619c4d6d-4cf3-4163-89df-6c61fc585a18,ea421d11-b5f6-4c36-b36f-9f8f19210718,2026-01-13 05:38:23.023815,2026-01-13 05:38:23.023815,660,ACTIVE_ITEM_UPGRADE_RATE_UP,1,5,660,4294967295,255,,255,255,,255,65535
61c83097-5231-4541-b88e-e5ca53f1d3fd,ea421d11-b5f6-4c36-b36f-9f8f19210718,2026-01-13 05:38:22.749495,2026-01-13 05:38:22.749495,34,PASSIVE_DOT_TIME_UP_ALL,0,255,34,4294967295,255,,255,255,,255,65535
62c4201f-9e8c-4dd6-a6a3-81531668f352,ea421d11-b5f6-4c36-b36f-9f8f19210718,2026-01-13 05:38:22.749495,2026-01-13 05:38:22.749495,20,PASSIVE_BLOCK_RATE_UP,0,255,20,4294967295,255,,255,255,,255,65535
6314c735-a7fb-4950-b16f-0d88062539e2,ea421d11-b5f6-4c36-b36f-9f8f19210718,2026-01-13 05:38:23.62241,2026-01-13 05:38:23.62241,906,ACTIVE_SAIBAIMAN_SUMMON,1,4,906,4294967295,255,,255,255,,255,65535
639deb5e-9195-47a5-8dde-fea8c209545e,ea421d11-b5f6-4c36-b36f-9f8f19210718,2026-01-13 05:38:23.825388,2026-01-13 05:38:23.825388,1608,ACTIVE_DH_POWER_UP_IN_PERCENT,1,5,1608,4294967295,255,,255,255,,255,65535
648632a7-52e4-41d8-a84a-dce53a4bd05f,ea421d11-b5f6-4c36-b36f-9f8f19210718,2026-01-13 05:38:22.749495,2026-01-13 05:38:22.749495,14,PASSIVE_DASH,0,255,14,4294967295,255,,255,255,,255,65535
6572a745-9aae-47ee-a6ed-626c2de32447,ea421d11-b5f6-4c36-b36f-9f8f19210718,2026-01-13 05:38:23.023815,2026-01-13 05:38:23.023815,629,ACTIVE_RP_CHARGE_SPEED,1,5,629,4294967295,255,,255,255,,255,65535
657c7952-08c0-41a6-ac42-a3055ed1f242,ea421d11-b5f6-4c36-b36f-9f8f19210718,2026-01-13 05:38:23.62241,2026-01-13 05:38:23.62241,826,ACTIVE_HONEST_DEFENCE_DOWN,1,7,826,4294967295,255,,255,255,,255,65535
65909969-9173-471c-a9bb-5c3035401634,ea421d11-b5f6-4c36-b36f-9f8f19210718,2026-01-13 05:38:23.023815,2026-01-13 05:38:23.023815,682,ACTIVE_BURN_DEFENCE,1,5,682,4294967295,255,,255,255,,255,65535
65dc4beb-258f-411a-b0d6-bbade1644a47,ea421d11-b5f6-4c36-b36f-9f8f19210718,2026-01-13 05:38:23.62241,2026-01-13 05:38:23.62241,828,ACTIVE_WILD_DEFENCE_DOWN,1,7,828,4294967295,255,,255,255,,255,65535
665cffbe-69fd-4722-95a6-8cc5088eef22,ea421d11-b5f6-4c36-b36f-9f8f19210718,2026-01-13 05:38:23.62241,2026-01-13 05:38:23.62241,830,ACTIVE_FUNNY_DEFENCE_DOWN,1,7,830,4294967295,255,,255,255,,255,65535
67206ce0-1b2e-4ca1-b2e8-bee988077c69,ea421d11-b5f6-4c36-b36f-9f8f19210718,2026-01-13 05:38:22.749495,2026-01-13 05:38:22.749495,7,PASSIVE_ENERGY_DEFENCE_UP,0,255,7,4294967295,255,,255,255,,255,65535
68844bca-3fb5-4c1a-8a74-7b5e15162034,ea421d11-b5f6-4c36-b36f-9f8f19210718,2026-01-13 05:38:23.62241,2026-01-13 05:38:23.62241,707,ACTIVE_AGGRO_DOWN,1,6,707,4294967295,255,,255,255,,255,65535
688612aa-d5d2-4ec5-96e8-decc4956ea87,ea421d11-b5f6-4c36-b36f-9f8f19210718,2026-01-13 05:38:23.825388,2026-01-13 05:38:23.825388,1606,ACTIVE_SKILL_AGGRO_UP_IN_PERCENT,1,5,1606,4294967295,255,,255,255,,255,65535
69ba5917-2543-44dc-817c-e5c7f68e3f65,ea421d11-b5f6-4c36-b36f-9f8f19210718,2026-01-13 05:38:23.023815,2026-01-13 05:38:23.023815,636,ACTIVE_ITEM_BREAK_RATE_DOWN,1,5,636,4294967295,255,,255,255,,255,65535
6ac466ed-826f-4e88-b19c-4c8eaf3221bb,ea421d11-b5f6-4c36-b36f-9f8f19210718,2026-01-13 05:38:22.749495,2026-01-13 05:38:22.749495,514,ACTIVE_OBJECT_TRIGGER,1,4,514,4294967295,255,,255,255,,255,65535
6af20afb-3b05-4ab7-890a-2bf007fa5675,ea421d11-b5f6-4c36-b36f-9f8f19210718,2026-01-13 05:38:22.749495,2026-01-13 05:38:22.749495,400,ACTIVE_HEAL_OVER_TIME,1,3,400,4294967295,255,,255,255,,255,65535
6d290acc-5ae7-4724-81c8-b4d4c98c4578,ea421d11-b5f6-4c36-b36f-9f8f19210718,2026-01-13 05:38:22.749495,2026-01-13 05:38:22.749495,9,PASSIVE_CON_UP,0,255,9,4294967295,255,,255,255,,255,65535
6e38df12-1313-438f-ada4-09249c840e43,ea421d11-b5f6-4c36-b36f-9f8f19210718,2026-01-13 05:38:23.023815,2026-01-13 05:38:23.023815,646,ACTIVE_STONE_KEEPTIME_DOWN,1,5,646,4294967295,255,,255,255,,255,65535
6f9bd6d8-2dca-4df7-a390-697ffa6c7d09,ea421d11-b5f6-4c36-b36f-9f8f19210718,2026-01-13 05:38:22.749495,2026-01-13 05:38:22.749495,518,ACTIVE_WARP,1,4,518,4294967295,255,,255,255,,255,65535
6ffb9882-14db-4774-8fe0-859b38ae872f,ea421d11-b5f6-4c36-b36f-9f8f19210718,2026-01-13 05:38:23.62241,2026-01-13 05:38:23.62241,698,ACTIVE_DH_POWER_UP,1,5,698,4294967295,255,,255,255,,255,65535
70523073-bde4-4408-a59f-5f210ac4bf9c,ea421d11-b5f6-4c36-b36f-9f8f19210718,2026-01-13 05:38:23.825388,2026-01-13 05:38:23.825388,951,ACTIVE_NPC_TELEPORT,1,0,951,4294967295,255,,255,255,,255,65535
714144f9-05af-44c2-9ef4-4f7fd8e0bb15,ea421d11-b5f6-4c36-b36f-9f8f19210718,2026-01-13 05:38:23.62241,2026-01-13 05:38:23.62241,922,ACTIVE_SET_LEVEL,0,5,922,4294967295,255,,255,255,,255,65535
7161a119-3f82-46af-bd2b-8b57ac493e73,ea421d11-b5f6-4c36-b36f-9f8f19210718,2026-01-13 05:38:23.62241,2026-01-13 05:38:23.62241,818,ACTIVE_DEX_DOWN,1,7,818,4294967295,255,,255,255,,255,65535
71bec48d-fa1d-4382-af41-4d7bb2887027,ea421d11-b5f6-4c36-b36f-9f8f19210718,2026-01-13 05:38:22.749495,2026-01-13 05:38:22.749495,503,ACTIVE_POISON_CURE,1,4,503,4294967295,255,,255,255,,255,65535
71d1fa97-a5d3-4567-9e00-85cecb3b5e66,ea421d11-b5f6-4c36-b36f-9f8f19210718,2026-01-13 05:38:23.023815,2026-01-13 05:38:23.023815,600,ACTIVE_BIG_MONKEY,1,5,600,4294967295,255,,255,255,,255,65535
725af8db-8d69-4b9f-9893-d24c7d0374bb,ea421d11-b5f6-4c36-b36f-9f8f19210718,2026-01-13 05:38:23.62241,2026-01-13 05:38:23.62241,829,ACTIVE_ELEGANCE_DEFENCE_DOWN,1,7,829,4294967295,255,,255,255,,255,65535
72690e7e-19b3-4cf8-a8e9-7a935a701d61,ea421d11-b5f6-4c36-b36f-9f8f19210718,2026-01-13 05:38:23.62241,2026-01-13 05:38:23.62241,918,ACTIVE_REVIVAL_AFTEREFFECT_PCBANG,1,7,918,4294967295,255,,255,255,,255,65535
73473cbc-6dae-48df-99ea-366d482a064d,ea421d11-b5f6-4c36-b36f-9f8f19210718,2026-01-13 05:38:23.023815,2026-01-13 05:38:23.023815,666,ACTIVE_CANT_BE_TARGETTED,1,5,666,4294967295,255,,255,255,,255,65535
74e90118-d9eb-4f1d-80d3-9f7a47a438ab,ea421d11-b5f6-4c36-b36f-9f8f19210718,2026-01-13 05:38:23.023815,2026-01-13 05:38:23.023815,621,ACTIVE_HONEST_DEFENCE_UP,1,5,621,4294967295,255,,255,255,,255,65535
76036d48-c40d-41e6-b6ef-dde6e889a5c9,ea421d11-b5f6-4c36-b36f-9f8f19210718,2026-01-13 05:38:23.62241,2026-01-13 05:38:23.62241,816,ACTIVE_CON_DOWN,1,7,816,4294967295,255,,255,255,,255,65535
7622589b-87de-492b-b925-96233088e755,ea421d11-b5f6-4c36-b36f-9f8f19210718,2026-01-13 05:38:22.749495,2026-01-13 05:38:22.749495,529,ACTIVE_SCRIPT_EXECUTE_WPS_LOC,1,4,529,4294967295,255,,255,255,,255,65535
7706ec5f-4491-491e-849f-a99bafb295a6,ea421d11-b5f6-4c36-b36f-9f8f19210718,2026-01-13 05:38:23.023815,2026-01-13 05:38:23.023815,624,ACTIVE_ELEGANCE_DEFENCE_UP,1,5,624,4294967295,255,,255,255,,255,65535
77190afc-04ed-4563-a723-62946e91bfd3,ea421d11-b5f6-4c36-b36f-9f8f19210718,2026-01-13 05:38:23.023815,2026-01-13 05:38:23.023815,626,ACTIVE_ENERGY_REFLECTION,1,5,626,4294967295,255,,255,255,,255,65535
78dcf3fe-bc87-4d8b-b1f8-b7558d4f2b93,ea421d11-b5f6-4c36-b36f-9f8f19210718,2026-01-13 05:38:23.62241,2026-01-13 05:38:23.62241,827,ACTIVE_STRANGE_DEFENCE_DOWN,1,7,827,4294967295,255,,255,255,,255,65535
79dbb241-a3a7-43d7-b541-eeba70b1f32f,ea421d11-b5f6-4c36-b36f-9f8f19210718,2026-01-13 05:38:23.023815,2026-01-13 05:38:23.023815,648,ACTIVE_BLEEDING_KEEPTIME_DOWN,1,5,648,4294967295,255,,255,255,,255,65535
7baec38b-7525-40bd-9d24-8b9cc521ba57,ea421d11-b5f6-4c36-b36f-9f8f19210718,2026-01-13 05:38:22.749495,2026-01-13 05:38:22.749495,5,PASSIVE_ENERGY_OFFENCE_UP,0,255,5,4294967295,255,,255,255,,255,65535
7c1f4112-80c5-4dc8-82a8-ef7a668d8b16,ea421d11-b5f6-4c36-b36f-9f8f19210718,2026-01-13 05:38:23.62241,2026-01-13 05:38:23.62241,849,ACTIVE_WEIGHT_LIMIT_DOWN,1,7,849,4294967295,255,,255,255,,255,65535
7cef079d-2c42-4bed-ab42-c06428ca9c3a,ea421d11-b5f6-4c36-b36f-9f8f19210718,2026-01-13 05:38:23.023815,2026-01-13 05:38:23.023815,658,ACTIVE_PHYSICAL_CRITICAL_DAMAGE_UP,1,5,658,4294967295,255,,255,255,,255,65535
7de2148c-a0e3-4d71-83d3-435fd0ff48d3,ea421d11-b5f6-4c36-b36f-9f8f19210718,2026-01-13 05:38:23.62241,2026-01-13 05:38:23.62241,811,ACTIVE_PHYSICAL_OFFENCE_DOWN,1,7,811,4294967295,255,,255,255,,255,65535
802a87af-cf69-4198-873f-b28855e556a2,ea421d11-b5f6-4c36-b36f-9f8f19210718,2026-01-13 05:38:23.62241,2026-01-13 05:38:23.62241,904,ACTIVE_CHARACTER_RENAME,1,4,904,4294967295,255,,255,255,,255,65535
811819ca-73a2-47d6-bd94-bda5f01bb066,ea421d11-b5f6-4c36-b36f-9f8f19210718,2026-01-13 05:38:23.023815,2026-01-13 05:38:23.023815,606,ACTIVE_PHYSICAL_OFFENCE_UP,1,5,606,4294967295,255,,255,255,,255,65535
8132addd-084c-4893-8c9d-64f0d8512c6a,ea421d11-b5f6-4c36-b36f-9f8f19210718,2026-01-13 05:38:23.023815,2026-01-13 05:38:23.023815,635,ACTIVE_SKILL_COOL_TIME_DOWN,1,5,635,4294967295,255,,255,255,,255,65535
81539891-2e0d-4aad-ba51-a8a433fcc729,ea421d11-b5f6-4c36-b36f-9f8f19210718,2026-01-13 05:38:22.749495,2026-01-13 05:38:22.749495,11,PASSIVE_DEX_UP,0,255,11,4294967295,255,,255,255,,255,65535
81860faa-1ee2-4a7d-bc33-e455f6ebff8a,ea421d11-b5f6-4c36-b36f-9f8f19210718,2026-01-13 05:38:22.749495,2026-01-13 05:38:22.749495,104,ACTIVE_CRITICAL_ATTACK,1,0,104,4294967295,255,,255,255,,255,65535
83053882-e826-45a6-9882-d64be2033be2,ea421d11-b5f6-4c36-b36f-9f8f19210718,2026-01-13 05:38:23.62241,2026-01-13 05:38:23.62241,921,ACTIVE_EVENT_COIN_PLUS,0,4,921,4294967295,255,,255,255,,255,65535
8480f6c5-fb0f-411d-b2e4-b0122ee83048,ea421d11-b5f6-4c36-b36f-9f8f19210718,2026-01-13 05:38:23.023815,2026-01-13 05:38:23.023815,681,ACTIVE_BLEED_DEFENCE,1,5,681,4294967295,255,,255,255,,255,65535
84e6d912-7df5-45aa-87fe-4876c269ae7a,ea421d11-b5f6-4c36-b36f-9f8f19210718,2026-01-13 05:38:22.749495,2026-01-13 05:38:22.749495,3,PASSIVE_MAX_RP_DOWN,0,255,3,4294967295,255,,255,255,,255,65535
8539e26c-0ce4-4473-9dc7-76e5b382d41e,ea421d11-b5f6-4c36-b36f-9f8f19210718,2026-01-13 05:38:23.023815,2026-01-13 05:38:23.023815,689,ACTIVE_EP_AUTO_RECOVER,1,5,689,4294967295,255,,255,255,,255,65535
8955c417-2f52-438a-9d9a-c66f377d1e20,ea421d11-b5f6-4c36-b36f-9f8f19210718,2026-01-13 05:38:23.62241,2026-01-13 05:38:23.62241,847,ACTIVE_ALL_DEFENCE_DOWN,1,7,847,4294967295,255,,255,255,,255,65535
8a361ba6-1676-49eb-9218-f06122bdfdca,ea421d11-b5f6-4c36-b36f-9f8f19210718,2026-01-13 05:38:23.62241,2026-01-13 05:38:23.62241,696,ACTIVE_SKILL_AGGRO_UP,1,5,696,4294967295,255,,255,255,,255,65535
8b9d5f40-0581-47c0-a8eb-a7d8d795bef4,ea421d11-b5f6-4c36-b36f-9f8f19210718,2026-01-13 05:38:23.023815,2026-01-13 05:38:23.023815,691,ACTIVE_DRUNK,1,5,691,4294967295,255,,255,255,,255,65535
8bf8a6d1-4d04-4956-a53a-ac5705edb3f8,ea421d11-b5f6-4c36-b36f-9f8f19210718,2026-01-13 05:38:22.749495,2026-01-13 05:38:22.749495,510,ACTIVE_EP_UP,1,4,510,4294967295,255,,255,255,,255,65535
8d4c7415-e719-4d14-bf2c-93757efe852c,ea421d11-b5f6-4c36-b36f-9f8f19210718,2026-01-13 05:38:23.825388,2026-01-13 05:38:23.825388,1602,ACTIVE_ABSORB_CURSE,1,5,1602,4294967295,255,,255,255,,255,65535
8d82c1fd-f3c6-400a-9c85-ef03290b6c4e,ea421d11-b5f6-4c36-b36f-9f8f19210718,2026-01-13 05:38:22.749495,2026-01-13 05:38:22.749495,12,PASSIVE_SOL_UP,0,255,12,4294967295,255,,255,255,,255,65535
8daf9def-0673-4e24-8f4b-3eed0162778b,ea421d11-b5f6-4c36-b36f-9f8f19210718,2026-01-13 05:38:23.62241,2026-01-13 05:38:23.62241,710,ACTIVE_EXPLOSIVE_POWER,1,6,710,4294967295,255,,255,255,,255,65535
8e176dbb-931c-4a67-a90e-b62ee23db413,ea421d11-b5f6-4c36-b36f-9f8f19210718,2026-01-13 05:38:23.023815,2026-01-13 05:38:23.023815,673,ACTIVE_STRANGE_OFFENCE_UP,1,5,673,4294967295,255,,255,255,,255,65535
8f3a4a79-6756-47f8-86f7-2671d6830373,ea421d11-b5f6-4c36-b36f-9f8f19210718,2026-01-13 05:38:23.62241,2026-01-13 05:38:23.62241,832,ACTIVE_SKILL_COOL_TIME_UP,1,7,832,4294967295,255,,255,255,,255,65535
8f6870c7-3d24-4104-8b71-3e729e075216,ea421d11-b5f6-4c36-b36f-9f8f19210718,2026-01-13 05:38:23.62241,2026-01-13 05:38:23.62241,819,ACTIVE_SOL_DOWN,1,7,819,4294967295,255,,255,255,,255,65535
8fbf19b6-5229-4180-be33-6edad39d94ac,ea421d11-b5f6-4c36-b36f-9f8f19210718,2026-01-13 05:38:23.825388,2026-01-13 05:38:23.825388,2001,ACTIVE_SCOUTER_CHECK_ABILITY_ATTACK,1,255,2001,4294967295,255,,255,255,,255,65535
9047a350-045a-4964-a5b4-53d1d4d35e11,ea421d11-b5f6-4c36-b36f-9f8f19210718,2026-01-13 05:38:23.023815,2026-01-13 05:38:23.023815,679,ACTIVE_STOMACHACHE_DEFENCE,1,5,679,4294967295,255,,255,255,,255,65535
90eebe86-f3a7-48de-9402-82e51c4cce42,ea421d11-b5f6-4c36-b36f-9f8f19210718,2026-01-13 05:38:23.023815,2026-01-13 05:38:23.023815,542,ACTIVE_AIR_DASH,1,5,542,4294967295,255,,255,255,,255,65535
926209a8-6ce5-478c-ac9e-56b3aa733fdf,ea421d11-b5f6-4c36-b36f-9f8f19210718,2026-01-13 05:38:22.749495,2026-01-13 05:38:22.749495,31,PASSIVE_BLOCK_MODE,0,255,31,4294967295,255,,255,255,,255,65535
92a2df52-1edf-4a68-8697-0135e9e9ad79,ea421d11-b5f6-4c36-b36f-9f8f19210718,2026-01-13 05:38:23.62241,2026-01-13 05:38:23.62241,913,ACTIVE_MASCOT_RING_QUEST_SUPPORT,0,255,913,4294967295,255,,255,255,,255,65535
9352b7e5-40d4-4383-9f6e-0331292f84ae,ea421d11-b5f6-4c36-b36f-9f8f19210718,2026-01-13 05:38:22.749495,2026-01-13 05:38:22.749495,19,PASSIVE_DODGE_RATE_UP,0,255,19,4294967295,255,,255,255,,255,65535
93b2090a-301c-4777-acb1-879c670024c5,ea421d11-b5f6-4c36-b36f-9f8f19210718,2026-01-13 05:38:23.023815,2026-01-13 05:38:23.023815,615,ACTIVE_ENG_UP,1,5,615,4294967295,255,,255,255,,255,65535
93bdb50f-0ff8-4c0a-ac5a-60502a73a015,ea421d11-b5f6-4c36-b36f-9f8f19210718,2026-01-13 05:38:23.825388,2026-01-13 05:38:23.825388,955,PASSIVE_INFINITE_DASH,1,0,955,4294967295,255,,255,255,,255,65535
94a0f464-9cb8-4f75-af3d-8d26176bbfa9,ea421d11-b5f6-4c36-b36f-9f8f19210718,2026-01-13 05:38:22.749495,2026-01-13 05:38:22.749495,504,ACTIVE_STOMACHACHE_CURE,1,4,504,4294967295,255,,255,255,,255,65535
94a6a2b9-49f0-4dfb-abab-7664e556a08b,ea421d11-b5f6-4c36-b36f-9f8f19210718,2026-01-13 05:38:23.825388,2026-01-13 05:38:23.825388,2003,ACTIVE_SCOUTER_CHECK_EQUIPMENT,1,255,2003,4294967295,255,,255,255,,255,65535
95667206-6951-4291-b84f-00a08d0946f3,ea421d11-b5f6-4c36-b36f-9f8f19210718,2026-01-13 05:38:22.749495,2026-01-13 05:38:22.749495,517,ACTIVE_VEHICLE,1,4,517,4294967295,255,,255,255,,255,65535
9682b851-511a-468b-b0d8-97f266150e9e,ea421d11-b5f6-4c36-b36f-9f8f19210718,2026-01-13 05:38:23.023815,2026-01-13 05:38:23.023815,640,ACTIVE_CONFUSE_TOLERANCE_UP,1,5,640,4294967295,255,,255,255,,255,65535
977ccfc8-7b8e-44af-873a-25140e59ca49,ea421d11-b5f6-4c36-b36f-9f8f19210718,2026-01-13 05:38:23.023815,2026-01-13 05:38:23.023815,607,ACTIVE_ENERGY_OFFENCE_UP,1,5,607,4294967295,255,,255,255,,255,65535
98d325ac-0941-4dec-8d6c-904b53d51291,ea421d11-b5f6-4c36-b36f-9f8f19210718,2026-01-13 05:38:22.749495,2026-01-13 05:38:22.749495,524,ACTIVE_GREAT_NAMEK,1,4,524,4294967295,255,,255,255,,255,65535
990249a8-52e1-42d4-87f0-14fdccb752ec,ea421d11-b5f6-4c36-b36f-9f8f19210718,2026-01-13 05:38:22.749495,2026-01-13 05:38:22.749495,511,ACTIVE_RP_UP,1,4,511,4294967295,255,,255,255,,255,65535
997102a4-fb57-430f-9637-40b702a0eedd,ea421d11-b5f6-4c36-b36f-9f8f19210718,2026-01-13 05:38:23.62241,2026-01-13 05:38:23.62241,845,ACTIVE_SKILL_INABILITY,1,7,845,4294967295,255,,255,255,,255,65535
9a01202c-5307-450c-aaed-9df49b231620,ea421d11-b5f6-4c36-b36f-9f8f19210718,2026-01-13 05:38:23.023815,2026-01-13 05:38:23.023815,540,ACTIVE_CURSE_EAT,1,4,540,4294967295,255,,255,255,,255,65535
9a7e7626-0552-49d2-ba71-7dfa02b209f5,ea421d11-b5f6-4c36-b36f-9f8f19210718,2026-01-13 05:38:23.62241,2026-01-13 05:38:23.62241,838,ACTIVE_EP_STEAL_OVER_TIME,1,7,838,4294967295,255,GME_STL_EP_BALL,4,70,GME_STL_EP_END,70,65535
9a9845f9-ec89-443f-81cf-9eefc725f479,ea421d11-b5f6-4c36-b36f-9f8f19210718,2026-01-13 05:38:23.62241,2026-01-13 05:38:23.62241,821,ACTIVE_MOVE_SPEED_DOWN,1,7,821,4294967295,255,,255,255,,255,65535
9b2c1b5f-ad31-4254-b51f-051ec6168522,ea421d11-b5f6-4c36-b36f-9f8f19210718,2026-01-13 05:38:23.023815,2026-01-13 05:38:23.023815,604,ACTIVE_MAX_EP_UP,1,5,604,4294967295,255,,255,255,,255,65535
9bc08368-b6ba-4890-a28e-07b30ccedbf6,ea421d11-b5f6-4c36-b36f-9f8f19210718,2026-01-13 05:38:23.62241,2026-01-13 05:38:23.62241,809,ACTIVE_MAX_EP_DOWN,1,7,809,4294967295,255,,255,255,,255,65535
9bd49e4d-f333-4565-8ef5-4c021ff2108a,ea421d11-b5f6-4c36-b36f-9f8f19210718,2026-01-13 05:38:22.749495,2026-01-13 05:38:22.749495,26,PASSIVE_MOVE_SPEED,0,255,26,4294967295,255,,255,255,,255,65535
9c39815c-f69c-4450-9ac3-7aa5394dc47c,ea421d11-b5f6-4c36-b36f-9f8f19210718,2026-01-13 05:38:22.749495,2026-01-13 05:38:22.749495,15,PASSIVE_HOVERING,0,255,15,4294967295,255,,255,255,,255,65535
9d1673d9-28f5-46df-914e-bedd6c36841c,ea421d11-b5f6-4c36-b36f-9f8f19210718,2026-01-13 05:38:23.023815,2026-01-13 05:38:23.023815,653,ACTIVE_CURSE_SKILL_BLOCK_UP,1,5,653,4294967295,255,,255,255,,255,65535
9dd98718-f2c4-46e4-b55e-e71c48ad6051,ea421d11-b5f6-4c36-b36f-9f8f19210718,2026-01-13 05:38:22.749495,2026-01-13 05:38:22.749495,300,ACTIVE_DIRECT_HEAL,1,2,300,4294967295,255,,255,255,,255,65535
9f7ad24a-bd41-46da-8e80-fcb2d324fcee,ea421d11-b5f6-4c36-b36f-9f8f19210718,2026-01-13 05:38:23.62241,2026-01-13 05:38:23.62241,925,ACTIVE_CHAR_TITLE,1,4,925,4294967295,255,,255,255,,255,65535
9fedf1d1-7577-4608-a5ee-e771cac6cbe1,ea421d11-b5f6-4c36-b36f-9f8f19210718,2026-01-13 05:38:23.023815,2026-01-13 05:38:23.023815,677,ACTIVE_LP_RECOVERY_IN_PERCENT,1,5,677,4294967295,255,,255,255,,255,65535
9ff6aa86-aad7-4c9d-aefe-86f1120a2ab0,ea421d11-b5f6-4c36-b36f-9f8f19210718,2026-01-13 05:38:23.023815,2026-01-13 05:38:23.023815,670,ACTIVE_LP_RECOVERY,1,5,670,4294967295,255,,255,255,,255,65535
a00c557f-486b-4ca5-86bf-e856f58e73b5,ea421d11-b5f6-4c36-b36f-9f8f19210718,2026-01-13 05:38:22.749495,2026-01-13 05:38:22.749495,24,PASSIVE_ENERGY_CRITICAL_UP,0,255,24,4294967295,255,,255,255,,255,65535
a1b349e8-0ecd-491c-8755-f5bfee6d1610,ea421d11-b5f6-4c36-b36f-9f8f19210718,2026-01-13 05:38:23.023815,2026-01-13 05:38:23.023815,541,ACTIVE_AIR_MOVE,1,5,541,4294967295,255,,255,255,,255,65535
a274406d-8055-4a4f-9996-d6cb18a5dfe9,ea421d11-b5f6-4c36-b36f-9f8f19210718,2026-01-13 05:38:23.62241,2026-01-13 05:38:23.62241,839,ACTIVE_BATTLE_ATTRIBUTE_DOWN,1,7,839,4294967295,255,,255,255,,255,65535
a293ca15-f51a-4631-ba30-3b058dcbc74c,ea421d11-b5f6-4c36-b36f-9f8f19210718,2026-01-13 05:38:22.749495,2026-01-13 05:38:22.749495,512,ACTIVE_RESCUE,1,4,512,4294967295,255,,255,255,,255,65535
a2fb49c8-06c3-43cf-8fe7-2f86c676d412,ea421d11-b5f6-4c36-b36f-9f8f19210718,2026-01-13 05:38:23.023815,2026-01-13 05:38:23.023815,625,ACTIVE_FUNNY_DEFENCE_UP,1,5,625,4294967295,255,,255,255,,255,65535
a360b59b-2b63-4d95-b8e8-fa619e452284,ea421d11-b5f6-4c36-b36f-9f8f19210718,2026-01-13 05:38:23.62241,2026-01-13 05:38:23.62241,695,ACTIVE_CHANGE_IMMUNITY,1,5,695,4294967295,255,,255,255,,255,65535
a3978251-6587-48a2-8486-a959de7c263e,ea421d11-b5f6-4c36-b36f-9f8f19210718,2026-01-13 05:38:23.62241,2026-01-13 05:38:23.62241,712,ACTIVE_BLESS_DEBUFF_MULTI,1,6,712,4294967295,255,,255,255,,255,65535
a3e72134-c603-4b0d-89ac-722d68b522fc,ea421d11-b5f6-4c36-b36f-9f8f19210718,2026-01-13 05:38:23.62241,2026-01-13 05:38:23.62241,801,ACTIVE_PARALYZE,1,7,801,4294967295,255,,255,255,,255,65535
a452f5a7-3a48-4af8-b6f7-ea5c0f9737c8,ea421d11-b5f6-4c36-b36f-9f8f19210718,2026-01-13 05:38:22.749495,2026-01-13 05:38:22.749495,516,ACTIVE_KAIOKEN,1,4,516,4294967295,255,,255,255,,255,65535
a500cacd-243a-4b4c-a621-a82a954b47bc,ea421d11-b5f6-4c36-b36f-9f8f19210718,2026-01-13 05:38:23.62241,2026-01-13 05:38:23.62241,812,ACTIVE_ENERGY_OFFENCE_DOWN,1,7,812,4294967295,255,,255,255,,255,65535
a704621d-edbe-445d-b8f8-eb06f0a0d375,ea421d11-b5f6-4c36-b36f-9f8f19210718,2026-01-13 05:38:22.749495,2026-01-13 05:38:22.749495,525,ACTIVE_SCRIPT_SIGNAL_SPS,1,4,525,4294967295,255,,255,255,,255,65535
a7b22751-1bfc-45eb-8ac5-cf8bad8b5ea7,ea421d11-b5f6-4c36-b36f-9f8f19210718,2026-01-13 05:38:23.62241,2026-01-13 05:38:23.62241,815,ACTIVE_STR_DOWN,1,7,815,4294967295,255,,255,255,,255,65535
a903d25d-7f47-42ab-b2bc-82b8f1c467c6,ea421d11-b5f6-4c36-b36f-9f8f19210718,2026-01-13 05:38:23.62241,2026-01-13 05:38:23.62241,709,ACTIVE_YELL,1,6,709,4294967295,255,,255,255,,255,65535
a9392b97-18a5-43f3-8449-8e7f30b0ac45,ea421d11-b5f6-4c36-b36f-9f8f19210718,2026-01-13 05:38:23.023815,2026-01-13 05:38:23.023815,662,ACTIVE_ATTACK_RANGE_UP,1,5,662,4294967295,255,,255,255,,255,65535
a952bb1b-a5a1-4a7e-9b18-0c53a8ec11a0,ea421d11-b5f6-4c36-b36f-9f8f19210718,2026-01-13 05:38:23.023815,2026-01-13 05:38:23.023815,692,ACTIVE_VIABILITY,1,5,692,4294967295,255,,255,255,,255,65535
a9b41751-e856-4bea-8988-7973c9f005fc,ea421d11-b5f6-4c36-b36f-9f8f19210718,2026-01-13 05:38:23.62241,2026-01-13 05:38:23.62241,817,ACTIVE_FOC_DOWN,1,7,817,4294967295,255,,255,255,,255,65535
aac2c0f2-26e8-4bbc-9940-107b68e51a9a,ea421d11-b5f6-4c36-b36f-9f8f19210718,2026-01-13 05:38:22.749495,2026-01-13 05:38:22.749495,109,ACTIVE_EXPLOSION_ALL_DOT,1,0,109,4294967295,255,,255,255,,255,65535
ab2de6d4-fbeb-4e59-b7f2-ad84db2efacc,ea421d11-b5f6-4c36-b36f-9f8f19210718,2026-01-13 05:38:22.749495,2026-01-13 05:38:22.749495,537,ACTIVE_MIND_CONQUEST,1,4,537,4294967295,255,,255,255,,255,65535
ab66d55c-27ac-424e-8bc9-86fce5cfc80a,ea421d11-b5f6-4c36-b36f-9f8f19210718,2026-01-13 05:38:23.023815,2026-01-13 05:38:23.023815,545,ACTIVE_MAX_AP_UP,1,5,545,4294967295,255,,255,255,,255,65535
abaedd57-2965-465f-96f6-6b37c7443694,ea421d11-b5f6-4c36-b36f-9f8f19210718,2026-01-13 05:38:23.023815,2026-01-13 05:38:23.023815,654,ACTIVE_KNOCKDOWN_ATTACK_BLOCK_UP,1,5,654,4294967295,255,,255,255,,255,65535
ac478028-806e-4cac-872f-7d15573ae558,ea421d11-b5f6-4c36-b36f-9f8f19210718,2026-01-13 05:38:22.749495,2026-01-13 05:38:22.749495,539,ACTIVE_CHANGE_CONQUEST,1,4,539,4294967295,255,,255,255,,255,65535
ac786079-cb60-438b-9725-7d911864aff6,ea421d11-b5f6-4c36-b36f-9f8f19210718,2026-01-13 05:38:23.62241,2026-01-13 05:38:23.62241,825,ACTIVE_BLOCK_RATE_DOWN,1,7,825,4294967295,255,,255,255,,255,65535
acb460d4-e0e9-499a-8580-1ba84b3ee77c,ea421d11-b5f6-4c36-b36f-9f8f19210718,2026-01-13 05:38:22.749495,2026-01-13 05:38:22.749495,502,ACTIVE_VISIT,1,4,502,4294967295,255,,255,255,,255,65535
adc7e7d9-b785-42de-8427-41139a35c621,ea421d11-b5f6-4c36-b36f-9f8f19210718,2026-01-13 05:38:22.749495,2026-01-13 05:38:22.749495,29,PASSIVE_SKILL_COOL_TIME_DOWN,0,255,29,4294967295,255,,255,255,,255,65535
ae252843-7641-4404-9ff3-08235eb89ce7,ea421d11-b5f6-4c36-b36f-9f8f19210718,2026-01-13 05:38:22.749495,2026-01-13 05:38:22.749495,41,PASSIVE_MASTERY,0,255,41,4294967295,255,,255,255,,255,65535
ae25acec-21da-4e53-8f0f-debb017493de,ea421d11-b5f6-4c36-b36f-9f8f19210718,2026-01-13 05:38:22.749495,2026-01-13 05:38:22.749495,535,ACTIVE_BURN_CURE,1,4,535,4294967295,255,,255,255,,255,65535
aec377a8-e19f-409e-9b75-149b41a73d60,ea421d11-b5f6-4c36-b36f-9f8f19210718,2026-01-13 05:38:22.749495,2026-01-13 05:38:22.749495,507,ACTIVE_SUPER_SAIYAN,1,4,507,4294967295,255,,255,255,,255,65535
af166a38-ca15-40c9-961c-f577e4eb0360,ea421d11-b5f6-4c36-b36f-9f8f19210718,2026-01-13 05:38:23.62241,2026-01-13 05:38:23.62241,909,ACTIVE_SKILL_RESET_PLUS,1,4,909,4294967295,255,,255,255,,255,65535
b008a084-ef21-4046-9942-34eac8d35377,ea421d11-b5f6-4c36-b36f-9f8f19210718,2026-01-13 05:38:23.62241,2026-01-13 05:38:23.62241,920,ACTIVE_REVIVAL_AFTEREFFECT_CURE_MAJOR,1,4,920,4294967295,255,,255,255,,255,65535
b027da01-cef4-4173-9251-497462f01ce5,ea421d11-b5f6-4c36-b36f-9f8f19210718,2026-01-13 05:38:23.023815,2026-01-13 05:38:23.023815,671,ACTIVE_EP_RECOVERY,1,5,671,4294967295,255,,255,255,,255,65535
b07c3488-bcae-4874-b5a9-ed055e77d2d4,ea421d11-b5f6-4c36-b36f-9f8f19210718,2026-01-13 05:38:23.62241,2026-01-13 05:38:23.62241,834,ACTIVE_TIED_UP,1,7,834,4294967295,255,,255,255,,255,65535
b0a1c99c-2a19-4053-917f-4efc7f699109,ea421d11-b5f6-4c36-b36f-9f8f19210718,2026-01-13 05:38:23.825388,2026-01-13 05:38:23.825388,2002,ACTIVE_SCOUTER_CHECK_MONSTER,1,255,2002,4294967295,255,,255,255,,255,65535
b1f6eb30-421b-467e-9360-19e782327b3d,ea421d11-b5f6-4c36-b36f-9f8f19210718,2026-01-13 05:38:23.023815,2026-01-13 05:38:23.023815,676,ACTIVE_FUNNY_OFFENCE_UP,1,5,676,4294967295,255,,255,255,,255,65535
b2606a69-cadb-4c9c-ba3f-c798cb32a6b9,ea421d11-b5f6-4c36-b36f-9f8f19210718,2026-01-13 05:38:23.023815,2026-01-13 05:38:23.023815,655,ACTIVE_HTB_SKILL_BLOCK_UP,1,5,655,4294967295,255,,255,255,,255,65535
b3096301-0911-48ee-84c8-abb67082f5d3,ea421d11-b5f6-4c36-b36f-9f8f19210718,2026-01-13 05:38:23.023815,2026-01-13 05:38:23.023815,610,ACTIVE_STR_UP,1,5,610,4294967295,255,,255,255,,255,65535
b5715001-e218-47b8-b908-eab6fa63a907,ea421d11-b5f6-4c36-b36f-9f8f19210718,2026-01-13 05:38:23.023815,2026-01-13 05:38:23.023815,669,ACTIVE_PERFECT_GUARD,1,5,669,4294967295,255,,255,255,,255,65535
b89f7687-1c40-4735-baf4-80fb72980d79,ea421d11-b5f6-4c36-b36f-9f8f19210718,2026-01-13 05:38:22.749495,2026-01-13 05:38:22.749495,25,PASSIVE_RP_CHARGE_SPEED,0,255,25,4294967295,255,,255,255,,255,65535
bb5a4f52-1b95-4325-a719-41eae06c2e9b,ea421d11-b5f6-4c36-b36f-9f8f19210718,2026-01-13 05:38:22.749495,2026-01-13 05:38:22.749495,22,PASSIVE_CURSE_TOLERANCE_UP,0,255,22,4294967295,255,,255,255,,255,65535
bea2d03c-9251-4752-95fa-ae2d9e50347c,ea421d11-b5f6-4c36-b36f-9f8f19210718,2026-01-13 05:38:23.023815,2026-01-13 05:38:23.023815,620,ACTIVE_BLOCK_RATE_UP,1,5,620,4294967295,255,,255,255,,255,65535
c1ab9516-b640-492e-9b18-05686f01d2e2,ea421d11-b5f6-4c36-b36f-9f8f19210718,2026-01-13 05:38:22.749495,2026-01-13 05:38:22.749495,500,ACTIVE_TELEPORT_BIND,1,4,500,4294967295,255,,255,255,,255,65535
c2efd961-53cf-4323-9257-0d1f92840a0b,ea421d11-b5f6-4c36-b36f-9f8f19210718,2026-01-13 05:38:22.749495,2026-01-13 05:38:22.749495,301,ACTIVE_DIRECT_EP_HEAL,1,2,301,4294967295,255,,255,255,,255,65535
c37ffd8a-c4dd-4b49-8ae9-863ac73f58fe,ea421d11-b5f6-4c36-b36f-9f8f19210718,2026-01-13 05:38:23.62241,2026-01-13 05:38:23.62241,912,ACTIVE_MASCOT_SATIETY_UP,1,4,912,4294967295,255,,255,255,,255,65535
c3b2b657-0f92-4626-a034-5199aa92998e,ea421d11-b5f6-4c36-b36f-9f8f19210718,2026-01-13 05:38:23.023815,2026-01-13 05:38:23.023815,686,ACTIVE_ALL_OFFENCE_UP,1,5,686,4294967295,255,,255,255,,255,65535
c3cdee46-05ff-4089-af25-2a5de923f020,ea421d11-b5f6-4c36-b36f-9f8f19210718,2026-01-13 05:38:22.749495,2026-01-13 05:38:22.749495,527,ACTIVE_SCRIPT_SIGNAL_WPS,1,4,527,4294967295,255,,255,255,,255,65535
c408db3c-3ef8-44f3-ab93-da4ec2164d63,ea421d11-b5f6-4c36-b36f-9f8f19210718,2026-01-13 05:38:22.749495,2026-01-13 05:38:22.749495,523,ACTIVE_MONSTER_TRANSFORM,1,4,523,4294967295,255,,255,255,,255,65535
c4eb4837-418d-4c6b-8063-f541acb68db8,ea421d11-b5f6-4c36-b36f-9f8f19210718,2026-01-13 05:38:22.749495,2026-01-13 05:38:22.749495,10,PASSIVE_FOC_UP,0,255,10,4294967295,255,,255,255,,255,65535
c5628832-aff3-435d-b363-522b708131a1,ea421d11-b5f6-4c36-b36f-9f8f19210718,2026-01-13 05:38:22.749495,2026-01-13 05:38:22.749495,23,PASSIVE_PHYSICAL_CRITICAL_UP,0,255,23,4294967295,255,,255,255,,255,65535
c5f206c5-14a1-4797-9b04-d462619e4663,ea421d11-b5f6-4c36-b36f-9f8f19210718,2026-01-13 05:38:23.023815,2026-01-13 05:38:23.023815,631,ACTIVE_CURSE_TOLERANCE,1,5,631,4294967295,255,,255,255,,255,65535
c83a1d17-2764-49c4-aa1b-e82dba68607e,ea421d11-b5f6-4c36-b36f-9f8f19210718,2026-01-13 05:38:23.023815,2026-01-13 05:38:23.023815,628,ACTIVE_EP_REGENERATION,1,5,628,4294967295,255,,255,255,,255,65535
c8c88af7-ec6a-4c60-92b7-fee6b9c8cf0a,ea421d11-b5f6-4c36-b36f-9f8f19210718,2026-01-13 05:38:22.749495,2026-01-13 05:38:22.749495,42,PASSIVE_AIR_MASTERY,0,255,42,4294967295,255,,255,255,,255,65535
c991377a-7fa5-440a-a314-4cc74da63ac2,ea421d11-b5f6-4c36-b36f-9f8f19210718,2026-01-13 05:38:22.749495,2026-01-13 05:38:22.749495,39,PASSIVE_APPLY_AREA_SIZE_UP,0,255,39,4294967295,255,,255,255,,255,65535
c994068c-88a1-4eee-a12d-0b994fa4630b,ea421d11-b5f6-4c36-b36f-9f8f19210718,2026-01-13 05:38:22.749495,2026-01-13 05:38:22.749495,522,ACTIVE_CREATE_HOIPOI_HOUSE,1,4,522,4294967295,255,,255,255,,255,65535
ca5d2912-2737-46fd-9271-ac94a699f744,ea421d11-b5f6-4c36-b36f-9f8f19210718,2026-01-13 05:38:23.62241,2026-01-13 05:38:23.62241,900,ACTIVE_TELETELEPORT,1,4,900,4294967295,255,,255,255,,255,65535
caa0a090-dd35-469a-861b-b0fbf55e6cd6,ea421d11-b5f6-4c36-b36f-9f8f19210718,2026-01-13 05:38:23.62241,2026-01-13 05:38:23.62241,711,ACTIVE_ARSON,1,6,711,4294967295,255,,255,255,,255,65535
cb65dd86-aaf6-4dd5-8b74-3d1a186c066a,ea421d11-b5f6-4c36-b36f-9f8f19210718,2026-01-13 05:38:22.749495,2026-01-13 05:38:22.749495,530,ACTIVE_SHIFT_SEAL_STATE,1,4,530,4294967295,255,,255,255,,255,65535
cb8f9c52-3c7f-494f-a558-dc9237604543,ea421d11-b5f6-4c36-b36f-9f8f19210718,2026-01-13 05:38:22.749495,2026-01-13 05:38:22.749495,515,ACTIVE_GAMBLE_ITEM,1,4,515,4294967295,255,,255,255,,255,65535
cdf3eefd-0c9b-4735-94a1-f8d6c767434e,ea421d11-b5f6-4c36-b36f-9f8f19210718,2026-01-13 05:38:22.749495,2026-01-13 05:38:22.749495,532,ACTIVE_SELF_RESCUE,1,4,532,4294967295,255,,255,255,,255,65535
ce8ed44f-b90a-43cf-bc87-35069f2bfa60,ea421d11-b5f6-4c36-b36f-9f8f19210718,2026-01-13 05:38:23.62241,2026-01-13 05:38:23.62241,803,ACTIVE_TERROR,1,7,803,4294967295,255,,255,255,,255,65535
d0e70080-1ecb-435f-8557-f13068886095,ea421d11-b5f6-4c36-b36f-9f8f19210718,2026-01-13 05:38:22.749495,2026-01-13 05:38:22.749495,17,PASSIVE_EP_REGENERATION,0,255,17,4294967295,255,,255,255,,255,65535
d3b4861b-3896-4285-b257-73b97a48ec97,ea421d11-b5f6-4c36-b36f-9f8f19210718,2026-01-13 05:38:22.749495,2026-01-13 05:38:22.749495,100,ACTIVE_DIRECT_DAMAGE,1,0,100,4294967295,255,,255,255,,255,65535
d422fa61-a1ab-4c4f-970e-903a18c93486,ea421d11-b5f6-4c36-b36f-9f8f19210718,2026-01-13 05:38:22.749495,2026-01-13 05:38:22.749495,108,ACTIVE_EXPLOSION_BURN,1,0,108,4294967295,255,,255,255,,255,65535
d47b65a8-758a-4308-b464-304a909b0cd8,ea421d11-b5f6-4c36-b36f-9f8f19210718,2026-01-13 05:38:22.749495,2026-01-13 05:38:22.749495,18,PASSIVE_ATTACK_RATE_UP,0,255,18,4294967295,255,,255,255,,255,65535
d5d33a5d-9948-43e9-a5ab-13f277db3ea2,ea421d11-b5f6-4c36-b36f-9f8f19210718,2026-01-13 05:38:23.023815,2026-01-13 05:38:23.023815,657,ACTIVE_SIT_DOWN_EP_REGENERATION_UP,1,5,657,4294967295,255,,255,255,,255,65535
d6f3c119-1255-474e-a4ac-193cc0e5625f,ea421d11-b5f6-4c36-b36f-9f8f19210718,2026-01-13 05:38:23.023815,2026-01-13 05:38:23.023815,637,ACTIVE_BARRIER,1,5,637,4294967295,255,,255,255,,255,65535
d7bcc118-7f2d-4291-8c30-52c05bb11e90,ea421d11-b5f6-4c36-b36f-9f8f19210718,2026-01-13 05:38:23.023815,2026-01-13 05:38:23.023815,601,ACTIVE_FUSION,1,5,601,4294967295,255,,255,255,,255,65535
d9b766ca-4adb-4136-816c-05761ef7aa11,ea421d11-b5f6-4c36-b36f-9f8f19210718,2026-01-13 05:38:22.749495,2026-01-13 05:38:22.749495,106,ACTIVE_EXPLOSION_POISON,1,0,106,4294967295,255,,255,255,,255,65535
da54f321-0768-4e69-b31f-0bdcafc24bc3,ea421d11-b5f6-4c36-b36f-9f8f19210718,2026-01-13 05:38:23.62241,2026-01-13 05:38:23.62241,706,ACTIVE_MAKE_LOWEST_AGGRO,1,6,706,4294967295,255,,255,255,,255,65535
daad5daa-b2fe-4d99-9dca-81278bce05d5,ea421d11-b5f6-4c36-b36f-9f8f19210718,2026-01-13 05:38:22.749495,2026-01-13 05:38:22.749495,6,PASSIVE_PHYSICAL_DEFENCE_UP,0,255,6,4294967295,255,,255,255,,255,65535
dc99045d-8213-423f-9de0-730f9221b652,ea421d11-b5f6-4c36-b36f-9f8f19210718,2026-01-13 05:38:23.62241,2026-01-13 05:38:23.62241,806,ACTIVE_STONE,1,7,806,4294967295,255,,255,255,,255,65535
dd10c62c-9e41-46e7-95ae-a6f5dccbd233,ea421d11-b5f6-4c36-b36f-9f8f19210718,2026-01-13 05:38:23.023815,2026-01-13 05:38:23.023815,678,ACTIVE_EP_RECOVERY_IN_PERCENT,1,5,678,4294967295,255,,255,255,,255,65535
ddbd7209-6fba-4864-9b6e-c9818825363a,ea421d11-b5f6-4c36-b36f-9f8f19210718,2026-01-13 05:38:23.62241,2026-01-13 05:38:23.62241,924,ACTIVE_WAGU_COIN_PLUS,0,4,924,4294967295,255,,255,255,,255,65535
de13dd14-e8b1-4a59-bf0d-f8e9149ecf97,ea421d11-b5f6-4c36-b36f-9f8f19210718,2026-01-13 05:38:23.62241,2026-01-13 05:38:23.62241,908,ACTIVE_CRESCENT_POPO,1,4,908,4294967295,255,,255,255,,255,65535
de304141-f57e-42f7-a1e3-23b6abe75ecc,ea421d11-b5f6-4c36-b36f-9f8f19210718,2026-01-13 05:38:23.023815,2026-01-13 05:38:23.023815,688,ACTIVE_LP_AUTO_RECOVER,1,5,688,4294967295,255,,255,255,,255,65535
de9e8e30-967e-4d06-9ead-de92885a6af2,ea421d11-b5f6-4c36-b36f-9f8f19210718,2026-01-13 05:38:22.749495,2026-01-13 05:38:22.749495,401,ACTIVE_EP_OVER_TIME,1,3,401,4294967295,255,,255,255,,255,65535
e00a8f63-7ccb-44a9-a7a5-e1302ec72ed9,ea421d11-b5f6-4c36-b36f-9f8f19210718,2026-01-13 05:38:23.023815,2026-01-13 05:38:23.023815,663,ACTIVE_HIDE_KI,1,5,663,4294967295,255,,255,255,,255,65535
e1196d0b-8389-4eb7-8f9d-f8536019bb53,ea421d11-b5f6-4c36-b36f-9f8f19210718,2026-01-13 05:38:23.825388,2026-01-13 05:38:23.825388,1609,ACTIVE_HOT_POWER_UP_IN_PERCENT,1,5,1609,4294967295,255,,255,255,,255,65535
e3e49ef8-0843-430e-8c4e-9f3dfc97234f,ea421d11-b5f6-4c36-b36f-9f8f19210718,2026-01-13 05:38:23.62241,2026-01-13 05:38:23.62241,814,ACTIVE_ENERGY_DEFENCE_DOWN,1,7,814,4294967295,255,,255,255,,255,65535
e42a0d58-0bfe-4e7d-b6d6-4fe4980fc8a0,ea421d11-b5f6-4c36-b36f-9f8f19210718,2026-01-13 05:38:22.749495,2026-01-13 05:38:22.749495,533,ACTIVE_CALL_PARTY_MEMBER,1,4,533,4294967295,255,,255,255,,255,65535
e42ea62a-f090-4880-9659-31b4d167bee1,ea421d11-b5f6-4c36-b36f-9f8f19210718,2026-01-13 05:38:22.749495,2026-01-13 05:38:22.749495,8,PASSIVE_STR_UP,0,255,8,4294967295,255,,255,255,,255,65535
e4321f1c-e7ed-4811-a48e-80dcc38f50b4,ea421d11-b5f6-4c36-b36f-9f8f19210718,2026-01-13 05:38:23.825388,2026-01-13 05:38:23.825388,930,ACTIVE_MASCOT_SKILL_GRADEUP,0,0,930,4294967295,255,,255,255,,255,65535
e4c177d9-9ad6-4cdc-8eef-4ea31a16cd9d,ea421d11-b5f6-4c36-b36f-9f8f19210718,2026-01-13 05:38:23.62241,2026-01-13 05:38:23.62241,807,ACTIVE_CANDY,1,7,807,4294967295,255,,255,255,,255,65535
e4c3c544-eda9-4669-8302-87e74543b19f,ea421d11-b5f6-4c36-b36f-9f8f19210718,2026-01-13 05:38:23.023815,2026-01-13 05:38:23.023815,650,ACTIVE_STOMACHACHE_KEEPTIME_DOWN,1,5,650,4294967295,255,,255,255,,255,65535
e52aa507-8a30-46bf-9d6e-5a7c3a5ea16e,ea421d11-b5f6-4c36-b36f-9f8f19210718,2026-01-13 05:38:22.749495,2026-01-13 05:38:22.749495,16,PASSIVE_LP_REGENERATION,0,255,16,4294967295,255,,255,255,,255,65535
e581a680-7315-4897-94ef-bbf301eab799,ea421d11-b5f6-4c36-b36f-9f8f19210718,2026-01-13 05:38:23.023815,2026-01-13 05:38:23.023815,647,ACTIVE_CANDY_KEEPTIME_DOWN,1,5,647,4294967295,255,,255,255,,255,65535
e5a0615d-e8e2-42c0-ab06-89e7d7aa444b,ea421d11-b5f6-4c36-b36f-9f8f19210718,2026-01-13 05:38:23.023815,2026-01-13 05:38:23.023815,627,ACTIVE_LP_REGENERATION,1,5,627,4294967295,255,,255,255,,255,65535
e6f1e106-e2b0-4d81-af7b-bd866fec20b1,ea421d11-b5f6-4c36-b36f-9f8f19210718,2026-01-13 05:38:23.023815,2026-01-13 05:38:23.023815,667,ACTIVE_BATTLE_ATTRIBUTE_UP,1,5,667,4294967295,255,,255,255,,255,65535
e81867a3-1c92-4893-9f6d-7c873097de81,ea421d11-b5f6-4c36-b36f-9f8f19210718,2026-01-13 05:38:22.749495,2026-01-13 05:38:22.749495,534,ACTIVE_BLEED_CURE,1,4,534,4294967295,255,,255,255,,255,65535
e8482881-405d-4ece-8c66-53763e5ee14a,ea421d11-b5f6-4c36-b36f-9f8f19210718,2026-01-13 05:38:23.62241,2026-01-13 05:38:23.62241,911,ACTIVE_MASCOT_REGIST,1,255,911,4294967295,255,,255,255,,255,65535
e93f5b86-e426-4dbd-b631-1ec2b2ed20ca,ea421d11-b5f6-4c36-b36f-9f8f19210718,2026-01-13 05:38:23.62241,2026-01-13 05:38:23.62241,848,ACTIVE_WOUND,1,7,848,4294967295,255,,255,255,,255,65535
e9503f86-b220-4275-9c5e-74fd0e83f0a2,ea421d11-b5f6-4c36-b36f-9f8f19210718,2026-01-13 05:38:22.749495,2026-01-13 05:38:22.749495,536,ACTIVE_SMOKE_MOVE,1,4,536,4294967295,255,,255,255,,255,65535
e959a875-0471-4923-ab45-0253976b5eb4,ea421d11-b5f6-4c36-b36f-9f8f19210718,2026-01-13 05:38:23.825388,2026-01-13 05:38:23.825388,1605,ACTIVE_INVINCIBLE,1,5,1605,4294967295,255,,255,255,,255,65535
e989edfd-990f-4e80-8cd3-366d9de86849,ea421d11-b5f6-4c36-b36f-9f8f19210718,2026-01-13 05:38:23.825388,2026-01-13 05:38:23.825388,1610,ACTIVE_EXCITATION_FEMALE,1,5,1610,4294967295,255,,255,255,,255,65535
ea3761d2-44b3-4a94-b08f-41c1899f6876,ea421d11-b5f6-4c36-b36f-9f8f19210718,2026-01-13 05:38:23.023815,2026-01-13 05:38:23.023815,690,ACTIVE_RABIES,1,5,690,4294967295,255,,255,255,,255,65535
ea75318d-8fbc-471b-9a19-5221797b5a99,ea421d11-b5f6-4c36-b36f-9f8f19210718,2026-01-13 05:38:23.825388,2026-01-13 05:38:23.825388,1601,ACTIVE_REFLECT_CURSE,1,5,1601,4294967295,255,,255,255,,255,65535
ec3604d0-2028-4fbd-93e0-1088088230bd,ea421d11-b5f6-4c36-b36f-9f8f19210718,2026-01-13 05:38:23.023815,2026-01-13 05:38:23.023815,645,ACTIVE_CONFUSE_KEEPTIME_DOWN,1,5,645,4294967295,255,,255,255,,255,65535
ef6ac09a-429b-448a-84da-27aa47c838de,ea421d11-b5f6-4c36-b36f-9f8f19210718,2026-01-13 05:38:23.62241,2026-01-13 05:38:23.62241,705,ACTIVE_PULL,1,6,705,4294967295,255,,255,255,,255,65535
f00c783a-09f9-4132-95ab-903e54325606,ea421d11-b5f6-4c36-b36f-9f8f19210718,2026-01-13 05:38:23.023815,2026-01-13 05:38:23.023815,687,ACTIVE_ALL_DEFENCE_UP,1,5,687,4294967295,255,,255,255,,255,65535
f0f65e04-bb9d-46f4-ab3f-3b86c77f8f36,ea421d11-b5f6-4c36-b36f-9f8f19210718,2026-01-13 05:38:22.749495,2026-01-13 05:38:22.749495,531,ACTIVE_TELEPORT_DOJO,1,4,531,4294967295,255,,255,255,,255,65535
f300e25c-e17c-4055-8de4-e7c0aa15c1bd,ea421d11-b5f6-4c36-b36f-9f8f19210718,2026-01-13 05:38:23.62241,2026-01-13 05:38:23.62241,923,ACTIVE_LEARN_SKILL,0,5,923,4294967295,255,,255,255,,255,65535
f34c1fb4-512e-450d-97c5-345078b10793,ea421d11-b5f6-4c36-b36f-9f8f19210718,2026-01-13 05:38:23.023815,2026-01-13 05:38:23.023815,639,ACTIVE_TERROR_TOLERANCE_UP,1,5,639,4294967295,255,,255,255,,255,65535
f3fced80-90b9-43bf-ac56-e47c1e3bd0d9,ea421d11-b5f6-4c36-b36f-9f8f19210718,2026-01-13 05:38:22.749495,2026-01-13 05:38:22.749495,1,PASSIVE_MAX_LP_UP,0,255,1,4294967295,255,,255,255,,255,65535
f4a800ff-8667-476b-ae69-28d003855fab,ea421d11-b5f6-4c36-b36f-9f8f19210718,2026-01-13 05:38:23.62241,2026-01-13 05:38:23.62241,837,ACTIVE_LP_STEAL_OVER_TIME,1,7,837,4294967295,255,GME_STL_LP_BALL,4,70,GME_STL_LP_END,70,65535
f628b7cf-e8da-437e-a3ae-467265bb76b6,ea421d11-b5f6-4c36-b36f-9f8f19210718,2026-01-13 05:38:23.62241,2026-01-13 05:38:23.62241,919,ACTIVE_REVIVAL_AFTEREFFECT_CURE_MINOR,1,4,919,4294967295,255,,255,255,,255,65535
f6a655df-a158-4ab9-aa51-bcb272170709,ea421d11-b5f6-4c36-b36f-9f8f19210718,2026-01-13 05:38:22.749495,2026-01-13 05:38:22.749495,107,ACTIVE_EXPLOSION_STOMACHACHE,1,0,107,4294967295,255,,255,255,,255,65535
f6bb10b7-aad3-4d90-bf11-685e1350871e,ea421d11-b5f6-4c36-b36f-9f8f19210718,2026-01-13 05:38:23.62241,2026-01-13 05:38:23.62241,840,ACTIVE_WARP_STUN,1,7,840,4294967295,255,,255,255,,255,65535
f70b6ace-ea77-459c-97b6-d51b995d0b64,ea421d11-b5f6-4c36-b36f-9f8f19210718,2026-01-13 05:38:23.023815,2026-01-13 05:38:23.023815,547,ACTIVE_AIR_QUICK,1,5,547,4294967295,255,,255,255,,255,65535
f7d7be75-51c0-4c28-8719-eff73ee764cb,ea421d11-b5f6-4c36-b36f-9f8f19210718,2026-01-13 05:38:23.023815,2026-01-13 05:38:23.023815,614,ACTIVE_SOL_UP,1,5,614,4294967295,255,,255,255,,255,65535
faaba9aa-a52b-4c01-aac6-5bf0439bcc26,ea421d11-b5f6-4c36-b36f-9f8f19210718,2026-01-13 05:38:23.62241,2026-01-13 05:38:23.62241,836,ACTIVE_FREEZE,1,7,836,4294967295,255,,255,255,,255,65535
fb5a8fab-4fc5-442e-b79e-adb193c1ff17,ea421d11-b5f6-4c36-b36f-9f8f19210718,2026-01-13 05:38:22.749495,2026-01-13 05:38:22.749495,538,ACTIVE_BODY_CONQUEST,1,4,538,4294967295,255,,255,255,,255,65535
fb7f2ffc-2c36-4883-b8ae-95d6ce117e64,ea421d11-b5f6-4c36-b36f-9f8f19210718,2026-01-13 05:38:22.749495,2026-01-13 05:38:22.749495,521,ACTIVE_CREATE_HOIPOI_MIX_MACHINE,1,4,521,4294967295,255,,255,255,,255,65535
fb9bef12-2b8e-41e5-bea6-464d81343235,ea421d11-b5f6-4c36-b36f-9f8f19210718,2026-01-13 05:38:22.749495,2026-01-13 05:38:22.749495,202,ACTIVE_STOMACHACHE,1,1,202,4294967295,255,,255,255,,255,65535
fbe7938c-6b51-416c-8d01-d9bdf7d3cb1a,ea421d11-b5f6-4c36-b36f-9f8f19210718,2026-01-13 05:38:23.62241,2026-01-13 05:38:23.62241,916,ACTIVE_ADVANCED_RESCUE,1,5,916,4294967295,255,,255,255,,255,65535
fe262e89-882b-48c7-8c50-74e5a7de81b5,ea421d11-b5f6-4c36-b36f-9f8f19210718,2026-01-13 05:38:22.749495,2026-01-13 05:38:22.749495,509,ACTIVE_SUMMON,1,4,509,4294967295,255,,255,255,,255,65535
ff65b7b7-efae-4a2d-8589-7629532f49ec,ea421d11-b5f6-4c36-b36f-9f8f19210718,2026-01-13 05:38:22.749495,2026-01-13 05:38:22.749495,27,PASSIVE_ATTACK_SPEED_UP,0,255,27,4294967295,255,,255,255,,255,65535